TOUCHPOINT,MONTH,SITE,IMPRESSIONS,AGE_MIN,AGE_DIFF,SEX,INCOME,UNWEIGHTED_REACH,COMPOSITION
DISPLAY,2018-01-01,VK,10095780,16,28,W,1,435,0.647
DISPLAY,2016-02-01,MAILPOST,124038798,25,30,P,1,3495,0.88
IVIDEO,2016-08-01,IMHO,1549885,20,34,W,1,89,0.597
DISPLAY,2016-03-01,OK,22885630,20,15,W,1,367,0.636
IVIDEO,2016-06-01,GPMD,781124,16,19,W,0,91,0.766
DISPLAY,2016-05-01,MAILPOST,11015608,18,32,M,1,809,0.789
IVIDEO,2016-12-01,STS,522898,25,25,M,1,66,0.66
IVIDEO,2016-08-01,GPMD,1188506,25,19,W,0,167,0.68
IVIDEO,2016-03-01,GPMD,651492,16,19,W,0,74,0.751
DISPLAY,2016-04-01,OK,26892940,25,20,W,1,532,0.584
IVIDEO,2016-08-01,GPMD,2302008,25,29,W,1,147,0.492
IVIDEO,2017-03-01,GPMD,4775578,25,19,W,1,518,0.637
IVIDEO,2016-02-01,YOUTUBE,2158087,18,16,W,1,64,0.433
IVIDEO,2016-01-01,YOUTUBE,1505124,25,19,W,1,141,0.446
DISPLAY,2017-09-01,VK,225001,18,46,P,0,42,1.0
DISPLAY,2017-12-01,MAILPOST,2068264,18,46,P,0,325,1.0
DISPLAY,2017-11-01,VK,5954640,18,17,W,1,281,0.586
DISPLAY,2016-12-01,MAILPOST,29615123,18,32,M,1,1092,0.746
DISPLAY,2016-04-01,OK,3479812,16,28,W,1,182,0.6
IVIDEO,2016-09-01,IMHO,3121266,20,14,W,0,61,0.206
IVIDEO,2017-06-01,GPMD,4420561,16,19,M,1,227,0.549
IVIDEO,2016-02-01,GPMD,1025347,20,14,W,0,93,0.515
DISPLAY,2017-01-01,BABYBLOG,1272108,12,52,P,0,75,1.0
DISPLAY,2017-06-01,MAILMAIN,1879921,25,19,P,0,217,0.895
DISPLAY,2017-06-01,OK,13093246,25,19,P,1,703,0.761
DISPLAY,2018-01-01,VK,1118929,16,18,M,0,56,0.683
DISPLAY,2016-02-01,MAILLADY,3401517,18,26,P,1,409,0.83
IVIDEO,2017-04-01,STS,541376,20,14,W,0,54,0.523
IVIDEO,2016-07-01,GPMD,629186,16,19,W,0,70,0.767
IVIDEO,2016-01-01,IMHO,1475501,20,14,W,0,105,0.508
IVIDEO,2016-05-01,YOUTUBE,5270087,18,16,W,0,129,0.481
DISPLAY,2016-08-01,VK,2599630,20,20,W,0,159,0.798
DISPLAY,2016-05-01,VK,5011606,16,19,W,0,158,0.783
IVIDEO,2017-05-01,GPMD,4505882,20,14,W,0,178,0.201
IVIDEO,2017-08-01,IMHO,1158013,18,36,P,1,50,0.694
IVIDEO,2016-02-01,GPMD,2138729,20,20,W,1,46,0.169
IVIDEO,2016-07-01,IMHO,987077,20,20,W,0,66,0.363
DISPLAY,2017-01-01,MAILMAIN,9057711,18,32,M,1,586,0.721
IVIDEO,2017-02-01,IMHO,931261,25,24,W,0,51,0.384
IVIDEO,2017-03-01,IMHO,2018705,20,34,W,1,169,0.476
IVIDEO,2016-05-01,IMHO,2485307,16,19,M,1,120,0.458
IVIDEO,2016-11-01,IMHO,982310,25,19,W,0,48,0.494
IVIDEO,2016-10-01,IMHO,1141774,13,11,M,1,46,0.357
IVIDEO,2016-12-01,GPMD,1048388,20,34,W,1,77,0.545
IVIDEO,2017-08-01,GPMD,4884901,25,19,W,1,390,0.581
IVIDEO,2018-02-01,IMHO,2777454,20,44,W,0,141,0.65
DISPLAY,2017-10-01,MAILPOST,5258158,20,14,W,0,200,0.781
DISPLAY,2016-03-01,VK,2133285,16,24,W,0,144,0.798
IVIDEO,2016-11-01,GPMD,1977994,18,26,W,1,208,0.727
DISPLAY,2016-02-01,AFISHA,1543088,18,37,P,1,88,0.719
IVIDEO,2017-06-01,GPMD,2536903,20,14,W,0,87,0.195
IVIDEO,2017-09-01,IMHO,4217147,25,29,W,1,206,0.387
IVIDEO,2016-07-01,GPMD,2081281,16,19,W,0,84,0.569
IVIDEO,2017-04-01,GPMD,2189206,18,26,P,1,206,0.627
IVIDEO,2016-09-01,IMHO,571238,25,19,W,0,53,0.635
DISPLAY,2016-03-01,MAILPOST,2223201,18,32,M,1,328,0.786
IVIDEO,2016-08-01,GPMD,1493354,16,19,W,0,158,0.7
IVIDEO,2016-06-01,GPMD,1328005,18,32,M,1,205,0.692
DISPLAY,2016-10-01,MAILDETI,813714,20,14,W,0,44,0.398
DISPLAY,2016-07-01,MAILPOST,29957495,16,28,P,1,1758,0.836
IVIDEO,2016-03-01,IMHO,866535,16,19,W,0,55,0.571
IVIDEO,2016-05-01,GPMD,347983,25,19,W,1,60,0.691
DISPLAY,2016-08-01,VK,8515788,16,24,W,0,388,0.695
DISPLAY,2016-06-01,SPORTEXPRESS,1367458,25,25,M,1,42,0.439
IVIDEO,2016-05-01,IMHO,2162590,25,19,W,1,154,0.392
IVIDEO,2016-04-01,STS,2349915,20,14,W,0,43,0.237
IVIDEO,2017-02-01,STS,314639,25,24,W,0,48,0.684
DISPLAY,2016-03-01,MAILHEALTH,978914,25,20,W,1,119,0.762
DISPLAY,2016-07-01,VK,3145088,20,14,W,0,172,0.682
DISPLAY,2017-09-01,VK,598579,20,14,W,0,43,0.805
IVIDEO,2018-02-01,IMHO,3744354,18,32,M,1,160,0.355
IVIDEO,2017-11-01,STS,578378,18,36,P,1,55,0.473
DISPLAY,2016-01-01,OK,6228524,16,19,W,0,184,0.662
IVIDEO,2017-06-01,IMHO,1121761,25,19,W,0,68,0.289
IVIDEO,2017-10-01,IMHO,3182505,25,29,W,1,144,0.484
IVIDEO,2017-06-01,GPMD,1198712,18,16,W,1,103,0.637
DISPLAY,2017-06-01,MATCHTV,2165965,18,32,M,1,88,0.621
IVIDEO,2016-09-01,YOUTUBE,546684,18,27,P,1,57,0.546
DISPLAY,2016-01-01,MAILANSWERS,4713886,18,32,M,1,372,0.43
DISPLAY,2017-06-01,MAILPOST,8722741,25,19,P,0,782,0.933
IVIDEO,2017-06-01,IMHO,1214021,20,44,W,0,60,0.782
IVIDEO,2016-09-01,IMHO,5070977,18,26,P,1,273,0.448
IVIDEO,2017-09-01,IMHO,1251569,18,6,M,0,60,0.339
DISPLAY,2016-01-01,OK,1487656,18,27,W,0,65,0.453
IVIDEO,2016-06-01,IMHO,1746961,16,19,M,1,99,0.6
DISPLAY,2016-06-01,MAILDETI,506296,20,20,W,1,63,0.526
IVIDEO,2016-06-01,GPMD,1409368,18,26,P,1,72,0.498
DISPLAY,2016-12-01,BABYBLOG,8217685,12,52,P,0,138,1.0
IVIDEO,2016-06-01,YOUTUBE,952965,18,26,W,1,44,0.497
DISPLAY,2016-03-01,VK,6088251,16,18,M,1,172,0.616
IVIDEO,2017-03-01,IMHO,3312211,20,14,W,0,110,0.578
DISPLAY,2016-09-01,MAILPOST,23971187,25,20,W,0,1068,0.786
IVIDEO,2016-01-01,STS,1100886,25,19,W,1,41,0.305
IVIDEO,2016-09-01,GPMD,572224,25,29,W,0,120,0.826
DISPLAY,2017-11-01,MAILPOST,10744581,16,28,W,1,514,0.75
DISPLAY,2017-09-01,OK,1894915,20,14,W,0,65,0.822
IVIDEO,2017-12-01,STS,958488,20,44,W,0,57,0.48
DISPLAY,2016-12-01,BABYBLOG,1651594,12,52,P,0,88,1.0
DISPLAY,2016-11-01,MAILPOST,37690338,18,32,M,1,1175,0.725
IVIDEO,2016-09-01,IMHO,1270599,25,24,W,0,102,0.547
IVIDEO,2017-06-01,GPMD,717516,25,39,W,1,100,0.601
DISPLAY,2017-01-01,BABYBLOG,8899386,12,52,P,0,180,1.0
IVIDEO,2018-01-01,IMHO,1093631,18,32,M,1,59,0.467
DISPLAY,2017-04-01,VK,5539453,16,24,W,0,301,0.79
DISPLAY,2016-06-01,MAILDETI,509257,20,20,W,1,76,0.587
DISPLAY,2016-02-01,MAILPOST,14933862,18,26,P,1,1408,0.852
DISPLAY,2016-04-01,OK,18776411,20,14,W,0,317,0.725
IVIDEO,2016-02-01,YOUTUBE,1530161,25,19,W,1,129,0.476
DISPLAY,2016-03-01,MAILMAIN,11954403,25,19,W,1,878,0.664
IVIDEO,2016-11-01,IMHO,855651,20,34,W,1,63,0.499
IVIDEO,2016-12-01,IMHO,1668336,25,19,W,1,105,0.367
IVIDEO,2016-04-01,GPMD,1625235,18,32,M,1,136,0.682
IVIDEO,2016-04-01,GPMD,1892614,16,19,W,0,167,0.549
IVIDEO,2016-03-01,GPMD,1839814,25,19,W,1,204,0.409
IVIDEO,2016-10-01,IMHO,5542863,20,14,W,0,242,0.388
DISPLAY,2017-09-01,MAILPOST,738296,12,52,P,0,159,1.0
DISPLAY,2016-06-01,MAILPOST,13980842,16,14,W,1,463,0.68
DISPLAY,2016-10-01,OK,2876262,18,32,M,0,126,0.693
DISPLAY,2018-01-01,MAILPOST,12228461,16,28,W,1,654,0.758
IVIDEO,2016-06-01,YOUTUBE,1787363,18,32,M,1,90,0.531
DISPLAY,2018-02-01,VK,3406213,18,16,W,1,132,0.557
IVIDEO,2017-07-01,GPMD,1337878,18,32,M,1,86,0.509
IVIDEO,2016-05-01,GPMD,1413286,16,19,W,0,142,0.658
DISPLAY,2016-05-01,YOUTUBE,804113,18,16,P,0,50,0.597
DISPLAY,2017-03-01,VK,3922203,18,26,W,0,169,0.736
DISPLAY,2016-04-01,MAILPOST,39371305,20,15,W,1,930,0.707
DISPLAY,2016-04-01,VK,3945951,25,24,W,0,153,0.841
DISPLAY,2016-04-01,VK,3471096,16,19,W,0,114,0.738
DISPLAY,2016-06-01,MAILPOST,1159736,20,14,W,0,96,0.801
DISPLAY,2016-05-01,OK,4259637,16,19,W,0,148,0.727
DISPLAY,2016-01-01,GDN,5764627,18,32,W,0,83,0.187
IVIDEO,2017-02-01,IMHO,2916843,25,29,W,0,228,0.534
IVIDEO,2016-06-01,GPMD,1070478,18,32,M,1,142,0.672
IVIDEO,2017-05-01,GPMD,1700461,18,6,M,0,92,0.57
IVIDEO,2017-04-01,IMHO,1463719,20,34,W,1,90,0.493
IVIDEO,2016-06-01,IMHO,1399789,20,14,W,0,58,0.355
IVIDEO,2016-10-01,IMHO,1701694,25,29,W,0,164,0.577
DISPLAY,2016-02-01,MAILPOST,26547248,20,14,W,0,940,0.794
IVIDEO,2016-05-01,GPMD,765613,20,14,W,0,56,0.413
IVIDEO,2016-01-01,YOUTUBE,1516444,25,19,W,1,129,0.46
DISPLAY,2016-07-01,VK,4049896,20,14,W,0,163,0.71
IVIDEO,2017-04-01,IMHO,894599,20,34,W,1,60,0.464
DISPLAY,2016-08-01,OK,18848304,20,15,W,1,307,0.585
IVIDEO,2017-05-01,GPMD,2092964,25,19,W,0,283,0.788
IVIDEO,2017-10-01,GPMD,1538370,16,19,W,0,122,0.669
IVIDEO,2017-07-01,IMHO,2659192,16,19,W,0,98,0.367
DISPLAY,2017-07-01,OK,10075217,16,28,W,1,280,0.618
IVIDEO,2016-09-01,YOUTUBE,2386013,18,32,M,1,154,0.577
IVIDEO,2016-09-01,GPMD,6739952,20,14,W,0,310,0.38
IVIDEO,2017-09-01,IMHO,2988422,25,19,W,1,194,0.321
DISPLAY,2016-04-01,OK,19901121,18,26,P,1,672,0.793
DISPLAY,2016-04-01,MAILPOST,32488948,16,19,W,0,986,0.784
IVIDEO,2016-06-01,GPMD,2108501,16,19,M,1,227,0.696
DISPLAY,2016-04-01,YOUTUBE,1790187,18,26,P,1,127,0.725
DISPLAY,2017-01-01,MAILPOST,5242141,18,32,M,0,1094,0.823
DISPLAY,2016-05-01,OK,10583317,25,20,W,0,481,0.642
IVIDEO,2017-03-01,STS,567971,20,14,W,0,40,0.828
IVIDEO,2016-09-01,GPMD,2572674,16,19,W,0,196,0.793
IVIDEO,2017-01-01,IMHO,1136770,25,19,W,0,76,0.468
IVIDEO,2016-03-01,GPMD,736622,18,32,M,1,66,0.668
IVIDEO,2016-12-01,STS,461421,25,19,W,1,44,0.673
DISPLAY,2018-02-01,VK,2581248,18,26,M,0,171,0.725
IVIDEO,2016-12-01,STS,577965,25,29,W,0,91,0.803
DISPLAY,2018-01-01,VK,574500,20,14,W,0,47,0.892
DISPLAY,2018-01-01,OK,5116957,16,28,W,1,184,0.538
DISPLAY,2018-01-01,VK,7215409,16,28,W,1,251,0.586
IVIDEO,2018-02-01,GPMD,3427431,20,14,W,0,64,0.13
IVIDEO,2017-05-01,GPMD,4595983,16,19,M,1,243,0.589
IVIDEO,2017-10-01,IMHO,1429346,25,19,W,0,83,0.238
IVIDEO,2016-09-01,GPMD,4129560,14,12,W,0,212,0.512
DISPLAY,2016-10-01,MAILMAIN,623703,20,14,W,0,85,0.802
IVIDEO,2017-04-01,IMHO,1719241,20,14,W,0,77,0.468
IVIDEO,2016-09-01,IMHO,985705,25,19,W,0,100,0.412
DISPLAY,2016-01-01,MAILMAIN,2142575,25,15,W,1,295,0.666
IVIDEO,2016-05-01,GPMD,1053840,25,39,W,0,126,0.836
DISPLAY,2016-05-01,VK,2674598,16,24,W,0,157,0.761
DISPLAY,2016-09-01,VK,3669436,13,11,M,1,51,0.457
DISPLAY,2016-03-01,MAILDETI,2871413,20,24,W,0,312,0.833
IVIDEO,2016-04-01,IMHO,1010299,20,14,W,0,54,0.378
DISPLAY,2016-02-01,VK,1589977,25,20,W,0,151,0.76
DISPLAY,2016-02-01,OK,7903742,25,20,W,0,336,0.637
DISPLAY,2016-09-01,OK,31786464,25,20,W,0,656,0.688
DISPLAY,2016-09-01,MAILMAIN,2810650,16,24,W,1,177,0.543
IVIDEO,2016-12-01,GPMD,1355308,20,14,W,0,105,0.495
IVIDEO,2016-03-01,GPMD,1502453,25,19,W,1,158,0.536
IVIDEO,2017-04-01,STS,1005700,20,34,W,1,41,0.318
IVIDEO,2016-04-01,IMHO,1821298,18,26,P,1,70,0.489
IVIDEO,2016-10-01,GPMD,1215445,20,34,W,1,142,0.671
IVIDEO,2017-10-01,IMHO,2076161,25,39,W,1,139,0.657
IVIDEO,2018-01-01,IMHO,9989118,16,8,W,0,74,0.168
DISPLAY,2017-11-01,MAILPOST,7481440,18,17,W,1,432,0.678
DISPLAY,2016-02-01,OK,25861719,25,19,W,1,481,0.53
IVIDEO,2017-08-01,GPMD,8088949,20,14,W,0,58,0.144
IVIDEO,2016-04-01,IMHO,2680490,25,19,W,1,150,0.393
IVIDEO,2017-06-01,GPMD,2888012,16,19,W,0,270,0.761
DISPLAY,2016-07-01,MAILPOST,13844735,20,14,W,0,610,0.79
IVIDEO,2017-04-01,GPMD,958456,18,6,M,0,72,0.684
IVIDEO,2016-08-01,GPMD,348407,25,19,W,0,43,0.758
IVIDEO,2017-08-01,OK,3554893,20,14,W,0,84,0.688
DISPLAY,2017-02-01,RAMBLER,4166418,18,32,M,1,131,0.526
IVIDEO,2016-09-01,GPMD,700891,25,19,W,0,126,0.806
IVIDEO,2017-08-01,IMHO,2189027,16,19,W,0,142,0.596
IVIDEO,2017-08-01,IMHO,1895384,25,19,W,1,163,0.448
IVIDEO,2017-10-01,OKVK,1124933,20,14,W,0,86,0.699
IVIDEO,2017-01-01,IMHO,1761815,16,19,W,0,163,0.686
IVIDEO,2016-02-01,GPMD,389446,25,19,W,1,53,0.726
IVIDEO,2016-04-01,GPMD,1860155,25,19,W,1,210,0.484
DISPLAY,2016-02-01,OK,15905050,18,26,P,1,624,0.796
DISPLAY,2016-09-01,MAILHEALTH,2681618,25,20,W,1,242,0.738
DISPLAY,2017-01-01,RAMBLER,4184976,18,32,M,1,105,0.582
IVIDEO,2016-12-01,IMHO,5088411,25,19,P,1,43,0.407
DISPLAY,2016-03-01,MAILLADY,5693076,25,20,W,1,384,0.767
DISPLAY,2016-06-01,MAILPOST,32118636,25,25,M,1,1056,0.75
DISPLAY,2016-12-01,RAMBLER,1378892,18,26,P,1,83,0.593
DISPLAY,2016-09-01,OK_PROMOPOST,1669840,20,14,W,0,124,0.764
DISPLAY,2016-02-01,YOUTUBE,15309290,18,26,P,1,499,0.602
DISPLAY,2017-11-01,MAILPOST,6832627,18,46,P,0,670,1.0
IVIDEO,2017-03-01,IMHO,1069061,20,34,W,1,60,0.275
IVIDEO,2016-12-01,GPMD,1785630,20,14,W,0,93,0.275
IVIDEO,2017-07-01,GPMD,1209126,25,19,W,0,115,0.733
IVIDEO,2017-07-01,IMHO,1232912,25,19,W,0,97,0.576
IVIDEO,2016-12-01,STS,428441,25,19,W,1,60,0.654
DISPLAY,2016-01-01,MAILLADY,1160947,18,26,P,1,148,0.785
IVIDEO,2016-03-01,YOUTUBE,1244718,16,19,W,0,54,0.627
IVIDEO,2016-09-01,GPMD,1273926,18,32,M,1,145,0.677
IVIDEO,2016-02-01,GPMD,1727725,20,14,W,0,110,0.498
IVIDEO,2017-04-01,STS,506468,20,14,W,0,46,0.437
DISPLAY,2016-04-01,MAILPOST,34335367,18,17,P,1,1339,0.809
DISPLAY,2016-04-01,MAILMAIN,8545812,20,14,W,0,690,0.769
DISPLAY,2016-08-01,VK,3737416,16,24,W,0,168,0.785
IVIDEO,2016-08-01,STS,412480,16,19,W,0,42,0.773
IVIDEO,2016-04-01,GPMD,1601992,18,26,P,1,97,0.46
IVIDEO,2017-04-01,IMHO,3051433,18,26,W,1,157,0.481
IVIDEO,2017-05-01,IMHO,739990,20,34,W,1,49,0.558
DISPLAY,2016-12-01,BABYBLOG,2024252,12,52,P,0,86,1.0
DISPLAY,2016-09-01,BABYBLOG,459187,20,20,W,0,48,0.865
IVIDEO,2016-10-01,GPMD,1358129,25,29,W,0,148,0.622
IVIDEO,2016-02-01,YOUTUBE,656314,20,20,W,1,57,0.517
IVIDEO,2017-03-01,GPMD,4285739,25,19,P,1,170,0.331
IVIDEO,2016-10-01,IMHO,3510036,25,19,W,1,148,0.312
IVIDEO,2016-04-01,GPMD,1031285,25,39,W,0,124,0.796
DISPLAY,2016-09-01,VK,2114169,25,20,W,0,94,0.787
DISPLAY,2016-09-01,VK,3619508,20,14,W,0,181,0.762
IVIDEO,2017-12-01,IMHO,5479544,18,32,M,1,244,0.458
IVIDEO,2017-12-01,STS,1306538,18,32,M,1,58,0.372
DISPLAY,2017-06-01,MAILPOST,20158878,16,19,W,0,720,0.755
IVIDEO,2017-10-01,GPMD,872170,16,28,W,1,72,0.618
IVIDEO,2017-11-01,IMHO,2115968,25,19,W,1,140,0.315
IVIDEO,2017-08-01,GPMD,610021,25,39,W,1,78,0.604
IVIDEO,2017-08-01,GPMD,1815222,20,14,W,0,41,0.247
IVIDEO,2016-09-01,YOUTUBE,2378568,20,14,W,0,79,0.417
IVIDEO,2016-03-01,GPMD,1574531,25,19,W,1,157,0.477
DISPLAY,2016-06-01,MAILLADY,10736932,25,20,W,0,872,0.799
DISPLAY,2017-02-01,VK,4991879,16,18,W,0,136,0.805
IVIDEO,2017-06-01,IMHO,2309300,16,24,M,0,103,0.429
IVIDEO,2017-02-01,GPMD,4052374,25,19,W,1,414,0.566
IVIDEO,2017-04-01,GPMD,2132423,25,29,W,1,115,0.441
IVIDEO,2017-04-01,GPMD,4612329,18,32,M,1,272,0.519
IVIDEO,2016-05-01,GPMD,1005389,16,19,W,0,95,0.67
DISPLAY,2016-09-01,OK,9919347,20,14,W,0,225,0.699
IVIDEO,2017-03-01,GPMD,7235629,18,26,W,1,434,0.569
DISPLAY,2017-01-01,OK,2587956,18,32,M,0,188,0.719
DISPLAY,2016-09-01,GDN,62057032,20,20,W,0,786,0.563
DISPLAY,2016-05-01,OK,14459895,25,20,W,0,735,0.724
DISPLAY,2016-10-01,MAILMAIN,2389052,16,24,W,1,184,0.66
IVIDEO,2017-10-01,IMHO,5332545,20,14,W,0,139,0.176
IVIDEO,2017-03-01,IMHO,1566992,25,29,W,0,118,0.564
IVIDEO,2016-03-01,GPMD,1947463,25,19,W,1,229,0.428
DISPLAY,2017-03-01,OK_PROMOPOST,5199833,18,32,M,0,137,0.837
DISPLAY,2017-03-01,MATCHTV,1821726,18,32,M,1,65,0.462
IVIDEO,2016-06-01,YOUTUBE,4546235,16,19,W,0,251,0.628
DISPLAY,2016-03-01,OK,26872861,25,20,W,1,565,0.576
DISPLAY,2016-03-01,MAILMAIN,5126863,20,20,W,1,576,0.721
DISPLAY,2016-08-01,MAILHEALTH,2211500,25,20,W,1,231,0.763
IVIDEO,2017-10-01,IMHO,2964626,20,14,W,0,66,0.204
IVIDEO,2016-06-01,GPMD,1153889,20,20,W,1,113,0.513
IVIDEO,2017-10-01,IMHO,2203997,25,19,W,1,133,0.302
DISPLAY,2017-08-01,OK,12279050,16,28,W,1,283,0.621
DISPLAY,2017-06-01,VK,2403455,25,19,W,0,199,0.676
IVIDEO,2016-10-01,GPMD,2499002,18,32,M,1,162,0.666
IVIDEO,2016-03-01,GPMD,1454076,25,19,W,1,150,0.491
IVIDEO,2016-08-01,GPMD,1321405,20,34,W,1,128,0.665
IVIDEO,2016-04-01,GPMD,1770132,25,19,W,1,194,0.604
IVIDEO,2016-02-01,IMHO,1261284,20,14,W,0,92,0.469
IVIDEO,2017-05-01,IMHO,726713,25,29,W,0,51,0.572
IVIDEO,2017-02-01,GPMD,1237530,20,34,W,1,102,0.69
DISPLAY,2016-08-01,OK,9498854,20,15,W,1,231,0.582
DISPLAY,2016-10-01,VK,4566653,16,8,M,1,118,0.57
IVIDEO,2016-07-01,GPMD,1456319,16,19,W,0,106,0.581
DISPLAY,2016-11-01,MAILPOST,25684967,18,26,P,1,1421,0.812
DISPLAY,2016-10-01,BABYBLOG,21340044,20,14,W,0,128,0.579
IVIDEO,2017-01-01,STS,315030,25,29,W,0,43,0.586
DISPLAY,2016-06-01,OK,12417300,25,20,W,0,461,0.685
IVIDEO,2017-10-01,STS,44769,18,32,M,1,65,0.327
IVIDEO,2017-02-01,GPMD,1138070,25,29,W,0,119,0.641
DISPLAY,2016-06-01,VK,1007528,18,27,W,0,102,0.673
DISPLAY,2017-09-01,OK,1142058,12,52,P,0,123,1.0
IVIDEO,2017-01-01,IMHO,704941,18,32,M,1,97,0.619
IVIDEO,2018-02-01,IMHO,2301361,25,39,W,1,158,0.552
DISPLAY,2017-12-01,MAILPOST,5828877,18,17,W,1,350,0.629
DISPLAY,2018-02-01,VK,7063191,16,28,W,1,291,0.58
IVIDEO,2016-09-01,YOUTUBE,584563,25,39,W,0,60,0.632
DISPLAY,2016-08-01,MAILPOST,15256351,20,14,W,0,593,0.823
DISPLAY,2016-08-01,OK,11522624,20,14,W,0,252,0.702
IVIDEO,2017-06-01,GPMD,1523095,18,26,M,1,154,0.654
DISPLAY,2016-05-01,VK,7877353,16,18,M,1,247,0.654
IVIDEO,2016-03-01,IMHO,1126233,25,19,W,1,118,0.582
DISPLAY,2017-08-01,VK,5411200,16,28,W,1,218,0.625
DISPLAY,2016-01-01,MAILPOST,15424390,16,19,W,0,810,0.798
IVIDEO,2016-07-01,IMHO,4223201,16,24,M,0,223,0.547
IVIDEO,2016-09-01,IMHO,1253061,20,34,W,1,80,0.519
DISPLAY,2016-09-01,MAILPOST,15762708,20,14,W,0,587,0.783
DISPLAY,2016-06-01,MAILPOST,7923953,18,6,M,0,152,0.628
IVIDEO,2016-12-01,GPMD,1032859,18,32,M,1,89,0.537
DISPLAY,2017-02-01,MAILPOST,44856522,18,32,M,1,1304,0.716
DISPLAY,2016-02-01,MAILLADY,3799580,25,15,W,1,311,0.753
IVIDEO,2016-07-01,STS,638352,20,20,W,0,72,0.712
IVIDEO,2017-03-01,STS,325039,20,34,W,1,42,0.587
IVIDEO,2017-06-01,GPMD,2071734,25,19,P,1,232,0.763
DISPLAY,2017-10-01,MAILPOST,10072515,16,28,W,1,502,0.743
DISPLAY,2016-06-01,MAILPOST,12718908,25,29,W,1,919,0.776
IVIDEO,2016-09-01,GPMD,272610,25,29,W,0,59,0.806
DISPLAY,2017-11-01,MAILPOST,4600388,20,14,W,0,164,0.841
DISPLAY,2017-12-01,MAILPOST,13980807,16,28,W,1,577,0.738
IVIDEO,2018-02-01,IMHO,5473639,20,44,W,0,186,0.621
DISPLAY,2017-10-01,MAILPOST,10827379,16,19,W,0,454,0.765
IVIDEO,2016-04-01,IMHO,1979993,16,19,W,0,125,0.505
DISPLAY,2016-12-01,BABYBLOG,1547517,12,52,P,0,68,1.0
IVIDEO,2017-06-01,IMHO,2620386,18,26,M,1,145,0.337
IVIDEO,2016-10-01,GPMD,857547,25,29,W,0,47,0.714
DISPLAY,2016-09-01,VK,1363674,18,32,M,0,141,0.805
DISPLAY,2016-02-01,AFISHA,1178258,18,37,P,1,112,0.725
DISPLAY,2017-01-01,BABYBLOG,2223738,12,52,P,0,111,1.0
IVIDEO,2017-09-01,GPMD,3471472,25,19,W,1,170,0.462
DISPLAY,2017-09-01,OK,694685,12,52,P,0,83,1.0
IVIDEO,2017-03-01,IMHO,1516832,20,34,W,1,83,0.383
IVIDEO,2017-04-01,IMHO,2713484,25,29,W,1,152,0.418
DISPLAY,2016-08-01,MAILPOST,20044243,20,15,W,1,673,0.739
IVIDEO,2017-05-01,GPMD,7838094,16,19,W,0,563,0.743
IVIDEO,2016-07-01,GPMD,1413807,20,20,W,0,101,0.512
DISPLAY,2017-08-01,MAILAFISHA,2046993,16,28,W,1,168,0.656
DISPLAY,2016-06-01,VK,7511176,25,39,M,1,485,0.757
DISPLAY,2016-03-01,MAILPOST,19091299,20,20,W,1,828,0.752
IVIDEO,2016-11-01,GPMD,2549184,16,8,M,1,121,0.484
DISPLAY,2016-09-01,OK,13809076,16,24,W,1,181,0.496
DISPLAY,2017-09-01,MAILPOST,16042604,16,28,W,1,696,0.746
DISPLAY,2016-06-01,VK,5015923,16,19,W,0,197,0.737
IVIDEO,2016-01-01,YOUTUBE,2292057,25,29,W,0,204,0.71
IVIDEO,2017-01-01,GPMD,6057665,20,14,W,0,382,0.671
IVIDEO,2017-04-01,GPMD,1497750,16,19,W,0,148,0.751
DISPLAY,2017-09-01,MAILAUDIO,1012512,20,14,W,0,55,0.899
DISPLAY,2018-02-01,MAILAUDIO,1425295,20,24,P,0,51,0.928
DISPLAY,2017-08-01,OK,437368,25,24,W,1,40,0.756
DISPLAY,2016-07-01,MAILMAIN,1943286,25,25,M,1,258,0.752
IVIDEO,2017-08-01,IMHO,3468911,18,32,M,1,271,0.535
IVIDEO,2017-10-01,IMHO,3225150,25,19,W,1,111,0.255
IVIDEO,2016-07-01,YOUTUBE,1165089,16,19,W,0,79,0.593
IVIDEO,2016-12-01,STS,1604808,25,19,P,1,58,0.383
IVIDEO,2017-02-01,IMHO,3501353,16,19,W,0,187,0.564
DISPLAY,2016-08-01,MAILPOST,16298126,16,24,W,1,600,0.619
DISPLAY,2016-09-01,MAILMAIN,2383758,20,14,W,0,222,0.763
DISPLAY,2016-10-01,BABY,3649024,20,14,W,0,117,0.519
IVIDEO,2016-04-01,GPMD,1697499,25,19,W,1,167,0.538
IVIDEO,2016-04-01,IMHO,1629309,25,19,W,1,122,0.463
DISPLAY,2016-06-01,OK,12901420,24,25,W,0,448,0.694
IVIDEO,2018-01-01,IMHO,2873640,25,19,P,1,81,0.434
DISPLAY,2016-05-01,OK,12916804,24,25,W,0,432,0.667
DISPLAY,2016-03-01,MAILPOST,21962797,16,19,W,0,884,0.797
IVIDEO,2016-10-01,GPMD,2220439,16,8,M,1,110,0.433
DISPLAY,2016-10-01,MAILMAIN,3998592,20,24,W,1,262,0.761
DISPLAY,2016-01-01,OK,9961340,20,14,W,0,293,0.686
IVIDEO,2016-03-01,YOUTUBE,1115245,16,19,W,0,55,0.676
DISPLAY,2016-08-01,OK,9921445,16,19,W,0,254,0.675
IVIDEO,2017-01-01,GPMD,2681978,25,19,W,0,382,0.717
IVIDEO,2016-02-01,IMHO,714959,25,19,W,1,78,0.571
IVIDEO,2017-05-01,GPMD,1449614,25,29,W,0,177,0.596
DISPLAY,2017-02-01,OK,2708667,18,32,M,0,170,0.695
DISPLAY,2016-09-01,MAILPOST,4927721,18,26,W,0,109,0.168
DISPLAY,2016-05-01,MAILSPORTS,742814,20,25,M,1,102,0.805
DISPLAY,2017-06-01,OK,2234737,25,19,P,1,75,0.732
IVIDEO,2016-01-01,YOUTUBE,1307939,20,14,W,0,46,0.336
IVIDEO,2016-10-01,GPMD,409764,25,19,W,0,72,0.781
DISPLAY,2017-09-01,MAILPOST,693421,12,52,P,0,184,1.0
DISPLAY,2017-06-01,VK,2160433,16,19,W,0,158,0.759
IVIDEO,2017-09-01,IMHO,1735891,25,39,W,1,211,0.694
DISPLAY,2016-12-01,BABYBLOG,1950760,12,52,P,0,104,1.0
IVIDEO,2017-10-01,STS,931977,20,44,W,0,53,0.484
IVIDEO,2016-10-01,GPMD,947179,20,14,W,0,57,0.268
DISPLAY,2016-05-01,VK,10388948,16,34,M,0,403,0.816
DISPLAY,2017-10-01,MAILPOST,10447713,20,34,W,1,689,0.777
DISPLAY,2016-06-01,OK,4255364,16,19,W,0,141,0.735
DISPLAY,2016-06-01,VK,5274987,20,14,W,0,350,0.786
DISPLAY,2017-02-01,MAILPOST,907404,18,26,W,0,189,0.818
DISPLAY,2017-01-01,MAILMAIN,1918479,18,26,P,1,409,0.793
IVIDEO,2016-10-01,STS,697062,25,19,W,0,69,0.722
IVIDEO,2017-07-01,OK,707836,16,24,M,0,42,0.811
IVIDEO,2016-09-01,GPMD,2383501,13,11,M,0,152,0.685
DISPLAY,2017-03-01,VK,1644136,18,32,M,0,156,0.773
IVIDEO,2016-07-01,GPMD,636344,16,19,W,0,50,0.553
IVIDEO,2016-02-01,YOUTUBE,925388,16,19,W,0,53,0.695
DISPLAY,2016-03-01,OK,29844754,20,20,W,1,519,0.611
IVIDEO,2017-02-01,GPMD,5093071,18,32,M,1,500,0.579
DISPLAY,2016-06-01,VK,1179607,18,27,W,0,117,0.689
DISPLAY,2017-10-01,MAILPOST,1452078,16,28,W,1,181,0.77
IVIDEO,2017-01-01,IMHO,308570,18,32,M,1,40,0.571
DISPLAY,2017-12-01,MAILPOST,17210020,18,26,M,1,623,0.692
DISPLAY,2016-08-01,OK,3976609,25,20,W,1,152,0.54
DISPLAY,2018-01-01,MAILPOST,2567130,18,46,P,0,450,1.0
DISPLAY,2017-12-01,VK,1978798,18,26,M,0,137,0.797
DISPLAY,2016-12-01,GDN,54152221,18,26,P,1,818,0.689
IVIDEO,2017-07-01,IMHO,4009692,16,18,M,1,174,0.278
DISPLAY,2017-07-01,VK,4000846,16,28,W,1,109,0.549
IVIDEO,2017-07-01,IMHO,1674600,25,39,W,1,101,0.618
DISPLAY,2016-12-01,RAMBLER,1977269,25,25,M,1,138,0.544
IVIDEO,2016-12-01,GPMD,1053966,25,19,W,0,165,0.784
IVIDEO,2017-06-01,IMHO,807303,25,39,W,1,82,0.712
IVIDEO,2016-12-01,STS,439133,18,26,W,1,50,0.699
DISPLAY,2016-07-01,MAILMAIN,1931563,16,19,W,0,222,0.804
DISPLAY,2017-06-01,VK,1639686,16,18,M,0,113,0.735
DISPLAY,2016-02-01,AFISHA,3082714,18,37,P,1,157,0.741
IVIDEO,2016-05-01,GPMD,1350040,18,32,M,1,163,0.614
IVIDEO,2016-05-01,GPMD,1734279,18,32,M,1,242,0.636
IVIDEO,2017-09-01,IMHO,7262971,25,19,W,1,240,0.292
DISPLAY,2016-09-01,MAILMAIN,4803515,18,26,P,1,429,0.816
IVIDEO,2017-04-01,IMHO,1731426,20,14,W,0,82,0.501
IVIDEO,2017-04-01,GPMD,3878930,20,14,W,0,317,0.6
IVIDEO,2016-09-01,GPMD,1576841,20,14,W,0,116,0.295
DISPLAY,2016-03-01,OK,34828541,20,24,W,0,707,0.682
IVIDEO,2016-08-01,IMHO,1698575,25,29,W,1,124,0.449
IVIDEO,2016-09-01,YOUTUBE,1559547,20,24,W,0,91,0.548
IVIDEO,2016-04-01,GPMD,3171943,25,19,W,1,280,0.454
IVIDEO,2016-07-01,IMHO,3533449,18,32,M,1,197,0.597
IVIDEO,2017-02-01,STS,356431,18,32,M,1,40,0.576
DISPLAY,2016-03-01,MAILPOST,7812776,18,6,M,0,179,0.692
IVIDEO,2016-01-01,STS,1350069,25,19,W,1,54,0.262
IVIDEO,2016-10-01,IMHO,1903741,20,34,W,1,95,0.391
IVIDEO,2016-10-01,STS,725439,20,14,W,0,59,0.854
DISPLAY,2016-08-01,MAILPOST,26172238,25,20,W,1,973,0.737
IVIDEO,2017-10-01,GPMD,2465393,25,29,W,1,149,0.397
IVIDEO,2016-03-01,YOUTUBE,1979803,25,19,W,1,178,0.473
DISPLAY,2017-01-01,BABYBLOG,298884,12,52,P,0,47,1.0
DISPLAY,2017-06-01,MAILMAIN,2721770,16,28,W,1,172,0.677
IVIDEO,2017-09-01,GPMD,1783666,16,8,W,0,63,0.601
DISPLAY,2016-01-01,MAILPOST,2659224,20,14,W,0,286,0.804
DISPLAY,2016-02-01,MAILPOST,19459856,20,24,W,0,1098,0.6
IVIDEO,2016-03-01,GPMD,1998433,20,14,W,0,187,0.402
DISPLAY,2016-05-01,VK,23478115,16,29,P,0,999,0.931
IVIDEO,2017-04-01,GPMD,3827217,20,14,W,0,367,0.606
IVIDEO,2016-12-01,STS,269540,25,19,W,1,42,0.674
IVIDEO,2016-09-01,IMHO,1079172,25,19,W,0,110,0.414
IVIDEO,2017-05-01,GPMD,1737053,25,39,W,1,224,0.618
DISPLAY,2016-10-01,OK,15064553,16,24,W,1,339,0.612
DISPLAY,2016-09-01,MAILPOST,17526109,16,19,W,0,708,0.768
IVIDEO,2017-02-01,GPMD,1125624,20,34,W,1,109,0.534
DISPLAY,2016-09-01,MAILPOST,918031,18,32,M,0,160,0.813
IVIDEO,2016-09-01,GPMD,2592000,20,24,W,0,305,0.729
IVIDEO,2017-04-01,GPMD,1807285,25,29,W,0,196,0.605
DISPLAY,2017-02-01,VK,3735028,20,24,W,0,103,0.796
IVIDEO,2017-05-01,GPMD,2270296,25,29,W,1,156,0.537
IVIDEO,2016-06-01,GPMD,2496009,20,14,W,0,169,0.551
IVIDEO,2016-06-01,IMHO,824956,20,14,W,0,50,0.354
IVIDEO,2017-07-01,GPMD,1761561,25,39,W,1,151,0.64
DISPLAY,2017-08-01,MAILLADY,2534382,16,28,W,1,144,0.76
IVIDEO,2016-12-01,GPMD,4360295,18,32,M,1,284,0.617
IVIDEO,2016-10-01,IMHO,1447307,25,19,W,0,91,0.459
IVIDEO,2017-03-01,GPMD,835508,20,34,W,1,96,0.61
DISPLAY,2016-09-01,OK,24755846,25,20,W,1,486,0.561
DISPLAY,2016-09-01,MAILPOST,10351611,20,24,W,1,746,0.716
DISPLAY,2016-06-01,MAILLADY,10737085,25,20,W,0,793,0.823
DISPLAY,2017-03-01,OK,8250238,16,19,W,0,162,0.666
IVIDEO,2016-05-01,IMHO,742627,18,26,W,1,51,0.551
IVIDEO,2017-06-01,IMHO,1684558,25,29,W,0,123,0.588
IVIDEO,2018-01-01,IMHO,2143719,25,19,W,1,76,0.148
IVIDEO,2016-09-01,STS,793573,16,19,W,0,61,0.735
IVIDEO,2017-03-01,IMHO,1583984,18,26,W,1,81,0.433
DISPLAY,2017-04-01,VK,2459646,16,8,W,0,82,0.75
DISPLAY,2016-04-01,VK,4458964,20,24,W,0,195,0.797
DISPLAY,2016-12-01,MAILMAIN,1338652,18,26,P,1,178,0.833
IVIDEO,2016-05-01,IMHO,583556,25,39,W,0,62,0.738
IVIDEO,2016-09-01,GPMD,974810,25,19,W,0,116,0.76
DISPLAY,2016-11-01,BABYBLOG,1489043,12,52,P,0,87,1.0
DISPLAY,2016-11-01,MAILMAIN,1416681,18,32,M,1,173,0.783
DISPLAY,2016-09-01,OK,18736185,20,15,W,1,285,0.604
DISPLAY,2017-05-01,VK,5298293,16,28,W,1,142,0.719
DISPLAY,2016-04-01,MAILPOST,29873080,16,19,W,0,945,0.781
DISPLAY,2016-02-01,OK,38922444,18,32,M,1,540,0.643
DISPLAY,2016-03-01,MAILPOST,49591062,20,24,W,0,1321,0.568
IVIDEO,2017-03-01,STS,492362,16,19,W,0,52,0.641
IVIDEO,2016-04-01,IMHO,5022005,25,19,W,1,319,0.438
IVIDEO,2016-05-01,GPMD,940365,18,26,P,1,63,0.506
IVIDEO,2017-09-01,GPMD,1245416,13,11,M,0,82,0.786
IVIDEO,2016-05-01,YOUTUBE,653723,16,19,M,1,43,0.445
DISPLAY,2016-06-01,GDN,2786424,25,20,W,0,57,0.586
IVIDEO,2016-09-01,IMHO,2624941,20,24,W,1,179,0.43
IVIDEO,2018-01-01,OK,5273094,20,14,W,0,135,0.691
IVIDEO,2018-02-01,IMHO,3306009,20,44,W,0,290,0.611
DISPLAY,2017-12-01,VK,933095,16,19,W,0,47,0.637
IVIDEO,2017-11-01,IMHO,2982831,25,19,W,0,230,0.384
DISPLAY,2016-02-01,MAILMAIN,12024991,25,19,W,1,805,0.637
DISPLAY,2017-06-01,VK,2649887,18,16,W,0,183,0.705
DISPLAY,2016-11-01,RAMBLER,5209939,18,32,M,1,163,0.632
DISPLAY,2016-03-01,MAILPOST,20475002,25,19,W,1,939,0.707
IVIDEO,2016-03-01,IMHO,1168090,25,19,W,1,114,0.565
IVIDEO,2016-02-01,GPMD,1773146,20,14,W,0,139,0.493
DISPLAY,2017-01-01,BABYBLOG,206601,12,52,P,0,43,1.0
IVIDEO,2017-06-01,GPMD,1705957,20,44,W,0,170,0.8
IVIDEO,2017-01-01,STS,331817,25,29,W,0,49,0.614
IVIDEO,2017-09-01,GPMD,3632230,16,19,W,0,254,0.699
IVIDEO,2016-03-01,YOUTUBE,1155220,20,20,W,1,52,0.39
IVIDEO,2016-09-01,GPMD,1260522,20,34,W,1,170,0.718
DISPLAY,2016-09-01,MAILDETI,586801,20,14,W,0,68,0.878
DISPLAY,2016-04-01,GDN,23377986,25,20,W,0,319,0.379
IVIDEO,2016-09-01,GPMD,999377,25,19,W,0,179,0.807
DISPLAY,2016-04-01,OK,12958508,24,25,W,0,408,0.634
DISPLAY,2016-04-01,MAILLADY,2771673,20,20,W,1,235,0.783
DISPLAY,2016-06-01,YOUTUBE,19694730,20,25,M,1,327,0.368
IVIDEO,2016-11-01,IMHO,2150854,18,32,M,1,136,0.579
IVIDEO,2017-01-01,GPMD,1003954,20,34,W,1,67,0.6
IVIDEO,2016-03-01,YOUTUBE,2155353,25,19,W,1,184,0.497
IVIDEO,2016-12-01,GPMD,859976,20,34,W,1,67,0.546
IVIDEO,2016-02-01,YOUTUBE,637880,25,25,P,1,45,0.646
DISPLAY,2017-06-01,MAILMAIN,1429335,16,19,W,0,140,0.707
DISPLAY,2017-10-01,VK,6328787,16,28,W,1,173,0.625
IVIDEO,2017-10-01,IMHO,2382459,16,28,W,1,137,0.367
DISPLAY,2016-08-01,MAILMAIN,2779622,20,14,W,0,265,0.842
DISPLAY,2016-02-01,AFISHA,5896059,18,37,P,1,136,0.817
IVIDEO,2016-05-01,GPMD,609256,18,26,W,1,41,0.655
IVIDEO,2016-06-01,IMHO,1247158,18,26,W,1,94,0.593
IVIDEO,2017-02-01,GPMD,2708147,25,19,W,0,387,0.702
IVIDEO,2016-08-01,YOUTUBE,1427425,18,32,M,1,85,0.609
DISPLAY,2016-03-01,MAILPOST,18907957,16,14,W,1,580,0.7
DISPLAY,2016-01-01,MAILPOST,45295295,18,32,W,0,1820,0.828
DISPLAY,2016-10-01,MAILPOST,10435067,20,24,W,1,505,0.805
IVIDEO,2016-05-01,GPMD,1214114,16,19,M,1,100,0.711
IVIDEO,2016-04-01,YOUTUBE,3919695,18,32,M,1,207,0.551
DISPLAY,2016-05-01,OK,14225896,25,20,W,0,516,0.681
IVIDEO,2016-07-01,IMHO,1164753,16,19,W,0,56,0.485
IVIDEO,2016-07-01,IMHO,1004088,20,20,W,0,65,0.335
IVIDEO,2016-09-01,IMHO,4316722,20,24,W,0,199,0.425
DISPLAY,2016-09-01,MAILPOST,12244534,16,24,W,1,499,0.564
IVIDEO,2016-05-01,STS,1493749,20,20,W,1,59,0.436
IVIDEO,2016-05-01,STS,937438,20,14,W,0,76,0.38
DISPLAY,2016-09-01,VK,6320686,18,17,W,1,234,0.469
DISPLAY,2018-02-01,MAILPOST,13010443,18,17,W,1,440,0.659
IVIDEO,2018-01-01,IMHO,5404316,20,14,W,0,112,0.129
DISPLAY,2016-08-01,MAILMYWORLD,1579966,25,20,W,1,118,0.68
DISPLAY,2018-01-01,MAILPOST,2572810,18,46,P,0,538,0.993
IVIDEO,2017-12-01,IMHO,6843511,20,44,W,0,384,0.605
IVIDEO,2017-08-01,IMHO,2065300,16,19,W,0,120,0.566
IVIDEO,2016-11-01,STS,583235,25,19,W,1,40,0.802
IVIDEO,2017-08-01,IMHO,1968057,25,19,W,1,95,0.247
DISPLAY,2016-04-01,VK,4184997,20,14,W,0,184,0.775
DISPLAY,2016-10-01,RAMBLER,4003204,18,32,M,1,163,0.565
IVIDEO,2017-09-01,IMHO,1668859,16,19,W,0,92,0.573
DISPLAY,2016-07-01,MAILMAIN,2921290,20,24,W,1,344,0.701
IVIDEO,2016-07-01,GPMD,2018475,16,19,W,0,109,0.539
IVIDEO,2016-08-01,IMHO,1798755,16,19,W,0,100,0.576
IVIDEO,2017-02-01,STS,431699,25,29,W,0,47,0.739
DISPLAY,2016-10-01,MAILPOST,2907882,20,14,W,0,261,0.801
DISPLAY,2016-09-01,MAILPOST,14619677,18,26,P,1,1081,0.832
DISPLAY,2016-03-01,MAILPOST,79295686,25,30,P,1,2877,0.879
DISPLAY,2016-08-01,VK,4446695,18,26,P,0,267,0.86
DISPLAY,2016-01-01,VK,2283227,16,18,M,1,188,0.683
DISPLAY,2016-06-01,OK,4963108,25,29,W,1,288,0.584
IVIDEO,2016-06-01,IMHO,747070,25,29,W,0,46,0.475
IVIDEO,2017-02-01,GPMD,4380720,18,26,W,1,378,0.595
IVIDEO,2016-06-01,YOUTUBE,998676,16,19,M,1,55,0.62
DISPLAY,2017-01-01,OK,21463779,18,32,M,1,401,0.665
DISPLAY,2016-11-01,OK,15422135,18,32,M,1,307,0.682
DISPLAY,2016-06-01,YOUTUBE,2559449,18,16,P,0,98,0.743
DISPLAY,2017-04-01,MATCHTV,1961717,18,32,M,1,72,0.507
IVIDEO,2017-02-01,IMHO,661123,25,29,W,0,53,0.698
IVIDEO,2017-05-01,IMHO,741777,25,39,W,1,70,0.672
IVIDEO,2017-02-01,STS,541452,16,24,P,0,62,0.75
DISPLAY,2016-04-01,MAILPOST,24482020,20,20,W,1,866,0.751
IVIDEO,2016-07-01,GPMD,696139,20,20,W,1,58,0.512
IVIDEO,2016-04-01,IMHO,1621880,25,19,W,1,70,0.27
IVIDEO,2016-05-01,GPMD,1594804,20,20,W,1,122,0.558
DISPLAY,2016-10-01,MAILPOST,29603727,20,15,W,1,707,0.749
DISPLAY,2017-12-01,MAILPOST,11651353,18,17,W,1,362,0.659
DISPLAY,2017-12-01,VK,7199492,18,26,M,1,391,0.708
DISPLAY,2017-12-01,MAILAUDIO,2128886,20,24,P,0,50,0.634
IVIDEO,2018-02-01,IMHO,10254953,18,32,M,1,254,0.393
IVIDEO,2017-06-01,GPMD,2156264,25,29,W,0,223,0.539
IVIDEO,2018-01-01,GPMD,2086299,16,34,W,0,95,0.457
DISPLAY,2018-01-01,VK,4964695,16,28,W,1,198,0.617
DISPLAY,2017-09-01,MAILPOST,4529345,20,14,W,0,201,0.81
DISPLAY,2017-11-01,MAILPOST,14481342,20,34,W,1,815,0.779
IVIDEO,2017-10-01,GPMD,4308656,16,28,W,1,342,0.623
IVIDEO,2017-07-01,GPMD,8088949,20,14,W,0,50,0.124
IVIDEO,2016-07-01,IMHO,1668612,20,34,W,1,83,0.529
IVIDEO,2016-10-01,IMHO,6530940,18,32,M,1,351,0.529
DISPLAY,2016-12-01,MAILMP,32412772,20,24,W,1,1081,0.729
IVIDEO,2016-12-01,IMHO,3493858,18,26,W,1,85,0.264
IVIDEO,2017-03-01,GPMD,1692265,20,34,W,1,180,0.602
IVIDEO,2017-02-01,IMHO,2859138,18,32,M,1,263,0.518
IVIDEO,2017-06-01,GPMD,962264,25,29,W,0,106,0.522
IVIDEO,2016-08-01,STS,304061,25,29,W,1,45,0.671
IVIDEO,2017-09-01,GPMD,3017322,16,19,W,0,124,0.825
DISPLAY,2017-09-01,MAILPOST,694924,12,52,P,0,167,1.0
IVIDEO,2016-05-01,IMHO,2246013,16,19,W,0,161,0.469
DISPLAY,2016-02-01,MAILMAIN,5048663,18,26,P,1,896,0.854
IVIDEO,2017-05-01,IMHO,416126,16,19,M,1,41,0.55
IVIDEO,2016-08-01,GPMD,375489,16,19,W,0,43,0.762
DISPLAY,2016-03-01,OK,7508569,16,19,W,0,218,0.689
IVIDEO,2016-06-01,GPMD,1398941,20,14,W,0,111,0.569
DISPLAY,2016-06-01,OK,4255396,20,14,W,0,140,0.727
DISPLAY,2016-05-01,MAILPOST,46289193,16,28,W,1,1439,0.736
IVIDEO,2017-10-01,OKVK,2633236,20,14,W,0,63,0.758
DISPLAY,2016-04-01,MAILPOST,27451398,24,25,W,0,1114,0.828
DISPLAY,2016-09-01,VK,4429609,18,26,P,0,186,0.786
DISPLAY,2016-06-01,VK,3700763,20,14,W,0,231,0.758
DISPLAY,2016-03-01,MAILPOST,26571255,20,14,W,0,874,0.8
DISPLAY,2016-06-01,MAILPOST,970409,20,24,W,0,99,0.807
DISPLAY,2016-06-01,VK,3249793,25,24,W,0,206,0.788
DISPLAY,2016-10-01,VK,1818414,16,8,W,0,55,0.711
DISPLAY,2017-01-01,RAMBLER,1003749,18,26,P,1,83,0.635
DISPLAY,2017-08-01,VK,469773,20,14,W,0,45,0.831
DISPLAY,2018-02-01,VK,4321508,18,17,W,1,227,0.599
DISPLAY,2016-06-01,VK,8200430,16,29,P,0,267,0.898
IVIDEO,2017-12-01,IMHO,1864136,18,16,W,1,42,0.215
DISPLAY,2017-11-01,MAILPOST,16978790,18,17,W,1,455,0.689
IVIDEO,2016-11-01,IMHO,4013241,20,14,W,0,188,0.491
IVIDEO,2016-05-01,YOUTUBE,1031498,18,16,W,0,43,0.508
DISPLAY,2017-07-01,MAILMAIN,1386211,16,19,W,0,109,0.686
IVIDEO,2017-05-01,IMHO,1245331,16,8,W,0,41,0.416
IVIDEO,2016-12-01,IMHO,1145790,25,19,W,1,56,0.309
IVIDEO,2016-04-01,STS,2010952,25,19,W,1,68,0.327
IVIDEO,2016-05-01,GPMD,1422400,20,14,W,0,96,0.565
DISPLAY,2017-10-01,OK,4498850,20,34,W,1,190,0.584
IVIDEO,2016-05-01,YOUTUBE,753629,35,9,W,0,46,0.478
IVIDEO,2016-08-01,YOUTUBE,661054,25,29,W,0,45,0.622
DISPLAY,2016-04-01,VK,11122770,16,34,M,0,311,0.831
IVIDEO,2017-08-01,IMHO,1883900,16,19,W,0,88,0.516
DISPLAY,2017-04-01,VK,1604812,18,6,M,0,64,0.69
DISPLAY,2016-02-01,OK,22864211,25,30,P,1,878,0.825
DISPLAY,2016-09-01,MAILMAIN,1935272,16,19,W,0,217,0.762
DISPLAY,2016-11-01,MAILPOST,5502751,18,32,M,0,549,0.792
DISPLAY,2016-05-01,MAILPOST,23360606,16,19,W,0,899,0.776
DISPLAY,2016-03-01,MAILPOST,13087564,20,20,W,1,812,0.755
DISPLAY,2016-06-01,OK,12394563,25,20,W,0,450,0.676
IVIDEO,2016-01-01,GPMD,1777727,20,14,W,0,112,0.482
IVIDEO,2017-04-01,GPMD,1525839,20,34,W,1,152,0.541
IVIDEO,2017-01-01,GPMD,943297,18,32,M,1,93,0.593
DISPLAY,2017-09-01,MAILPOST,692203,12,52,P,0,181,1.0
DISPLAY,2016-08-01,MAILLADY,2442293,25,20,W,1,228,0.798
DISPLAY,2017-10-01,VK,1646385,18,46,P,0,214,0.988
DISPLAY,2017-08-01,MAILMAIN,1320858,16,19,W,0,89,0.746
DISPLAY,2016-10-01,BABY,1812467,20,14,W,0,74,0.559
IVIDEO,2016-05-01,YOUTUBE,1067579,20,14,W,0,46,0.39
DISPLAY,2016-01-01,MAILPOST,2210415,18,32,M,1,337,0.762
DISPLAY,2016-07-01,MAILPOST,12531900,20,20,W,0,796,0.829
DISPLAY,2016-02-01,MAILMAIN,22453394,18,32,M,1,1538,0.764
DISPLAY,2016-04-01,MAILMAIN,11751429,25,20,W,0,826,0.818
IVIDEO,2016-08-01,GPMD,2250382,18,32,M,1,298,0.654
IVIDEO,2017-02-01,STS,493346,18,26,P,1,58,0.754
IVIDEO,2016-06-01,GPMD,1127599,16,19,W,0,82,0.632
DISPLAY,2016-05-01,OK,2059469,16,28,W,1,121,0.606
IVIDEO,2016-02-01,YOUTUBE,2399534,20,20,W,1,58,0.147
DISPLAY,2016-03-01,VK,4530618,20,24,W,0,247,0.83
DISPLAY,2017-02-01,MAILMAIN,10839030,18,32,M,1,610,0.683
IVIDEO,2016-05-01,GPMD,1476751,25,19,W,1,186,0.598
IVIDEO,2016-06-01,YOUTUBE,1102933,25,29,W,0,73,0.765
IVIDEO,2016-06-01,IMHO,1276947,25,29,W,1,58,0.477
IVIDEO,2016-04-01,GPMD,562979,18,17,P,1,62,0.676
DISPLAY,2017-11-01,OK,4472538,16,28,W,1,155,0.61
IVIDEO,2017-10-01,STS,1153943,20,44,W,0,57,0.514
IVIDEO,2017-10-01,IMHO,7127643,16,19,W,0,229,0.469
IVIDEO,2017-08-01,IMHO,1119724,18,32,M,1,106,0.535
IVIDEO,2017-08-01,IMHO,1711845,25,19,W,0,159,0.533
IVIDEO,2017-10-01,IMHO,3001324,25,29,W,1,163,0.499
IVIDEO,2016-03-01,YOUTUBE,1160709,25,19,W,1,110,0.52
DISPLAY,2017-09-01,MAILPOST,1574944,13,11,M,0,45,0.362
IVIDEO,2017-03-01,IMHO,874745,20,34,W,1,53,0.308
DISPLAY,2016-10-01,MAILHITECH,3020441,18,32,M,1,211,0.501
IVIDEO,2017-04-01,IMHO,4299323,18,32,M,1,239,0.497
DISPLAY,2016-08-01,MAILMYWORLD,1428481,20,15,W,1,58,0.554
IVIDEO,2016-09-01,GPMD,642477,20,34,W,1,54,0.761
IVIDEO,2016-04-01,IMHO,758859,25,29,W,1,58,0.484
DISPLAY,2017-01-01,MAILPOST,24672699,18,32,M,1,1337,0.736
DISPLAY,2017-04-01,VK,1405594,18,32,M,0,113,0.745
DISPLAY,2017-08-01,VK,4306368,16,28,W,1,151,0.596
IVIDEO,2017-03-01,GPMD,6212314,20,14,W,0,299,0.654
IVIDEO,2016-07-01,GPMD,807569,18,26,P,1,60,0.436
DISPLAY,2016-09-01,OK,14306264,20,15,W,1,272,0.601
DISPLAY,2016-06-01,GDN,27113502,25,20,W,0,361,0.366
DISPLAY,2016-06-01,OK,3693042,18,32,M,1,158,0.674
DISPLAY,2016-05-01,GDN,53129958,20,14,W,0,251,0.408
IVIDEO,2017-10-01,GPMD,802118,13,11,M,0,53,0.671
DISPLAY,2017-06-01,MAILMAIN,1639534,16,19,W,0,126,0.825
IVIDEO,2017-10-01,IMHO,4259599,16,28,W,1,295,0.522
DISPLAY,2017-08-01,MAILPOST,29359967,16,28,W,1,959,0.706
IVIDEO,2017-06-01,GPMD,1442458,20,34,W,1,110,0.524
IVIDEO,2017-07-01,GPMD,2933568,16,8,W,0,88,0.527
IVIDEO,2017-06-01,GPMD,2038332,18,6,M,0,91,0.498
DISPLAY,2017-06-01,VK,826862,20,14,W,0,68,0.72
DISPLAY,2017-09-01,MAILLADY,972391,16,28,W,1,90,0.74
DISPLAY,2016-04-01,GDN,11969289,18,26,P,1,420,0.68
IVIDEO,2016-08-01,STS,660443,20,34,W,1,53,0.726
IVIDEO,2016-08-01,IMHO,2424063,20,14,W,0,105,0.463
IVIDEO,2016-02-01,GPMD,286217,18,26,W,1,41,0.804
DISPLAY,2016-11-01,RAMBLER,585030,18,32,M,1,63,0.605
DISPLAY,2016-11-01,MAILPOST,22992676,18,32,M,1,969,0.74
DISPLAY,2016-04-01,OK,4273469,16,19,W,0,142,0.709
DISPLAY,2016-03-01,GDN,26943136,25,24,W,1,281,0.569
IVIDEO,2016-06-01,YOUTUBE,1186886,20,20,W,1,45,0.401
IVIDEO,2017-01-01,GPMD,4336193,16,19,W,0,405,0.761
IVIDEO,2016-08-01,IMHO,1310783,20,24,W,0,93,0.555
IVIDEO,2017-04-01,GPMD,1259963,25,19,W,0,174,0.648
DISPLAY,2016-07-01,YOUTUBE,3280974,25,24,W,1,106,0.292
IVIDEO,2016-08-01,GPMD,1060491,20,34,W,1,110,0.641
DISPLAY,2016-07-01,GDN,27436957,20,20,W,1,193,0.473
IVIDEO,2017-09-01,OK,5475121,20,14,W,0,120,0.665
DISPLAY,2017-11-01,MAILPOST,4456025,18,46,P,0,502,0.988
DISPLAY,2017-11-01,VK,1696537,18,46,P,0,276,0.959
IVIDEO,2016-04-01,GPMD,1108017,16,19,W,0,134,0.735
DISPLAY,2016-08-01,MAILLADY,973030,20,14,W,0,87,0.854
DISPLAY,2016-08-01,MAILPOST,53179651,25,20,W,0,1233,0.811
IVIDEO,2017-06-01,IMHO,2021226,18,32,M,1,78,0.344
DISPLAY,2017-06-01,MATCHTV,1283834,18,32,M,1,67,0.585
DISPLAY,2017-06-01,VK,1308016,16,18,M,0,91,0.784
IVIDEO,2016-02-01,GPMD,963808,20,14,W,0,59,0.395
IVIDEO,2017-06-01,IMHO,2547936,16,19,W,0,81,0.537
IVIDEO,2017-05-01,GPMD,1292103,25,29,W,0,139,0.537
DISPLAY,2016-04-01,GDN,16387176,20,14,W,0,118,0.451
DISPLAY,2016-08-01,MAILMAIN,2929380,16,24,W,1,246,0.563
IVIDEO,2017-02-01,GPMD,1150570,25,29,W,0,133,0.607
DISPLAY,2016-04-01,VK,3354710,25,20,W,0,152,0.859
IVIDEO,2016-05-01,IMHO,3342350,18,32,M,1,232,0.577
IVIDEO,2017-05-01,IMHO,2481893,16,24,M,0,68,0.49
IVIDEO,2017-03-01,GPMD,3933314,16,19,W,0,263,0.751
DISPLAY,2016-09-01,VK,3947506,16,19,W,0,158,0.75
IVIDEO,2016-05-01,STS,1165444,16,19,W,0,47,0.273
IVIDEO,2016-04-01,GPMD,1209271,18,32,M,1,90,0.615
DISPLAY,2016-07-01,VK,3945390,16,19,W,0,160,0.746
IVIDEO,2016-05-01,GPMD,1408791,18,26,P,1,69,0.574
IVIDEO,2016-08-01,YOUTUBE,881164,16,19,W,0,72,0.662
IVIDEO,2016-08-01,YOUTUBE,1192097,13,11,M,0,64,0.507
IVIDEO,2017-11-01,IMHO,3002570,16,19,W,0,152,0.56
DISPLAY,2017-12-01,VK,1170529,18,26,W,0,94,0.626
IVIDEO,2017-11-01,STS,187162,18,32,M,1,47,0.165
DISPLAY,2016-09-01,MAILPOST,1501669,16,29,P,0,48,0.58
DISPLAY,2016-05-01,VK,5117907,20,24,W,0,277,0.8
IVIDEO,2017-08-01,GPMD,892599,18,6,M,0,57,0.681
IVIDEO,2017-08-01,GPMD,837723,25,19,W,1,107,0.598
DISPLAY,2016-12-01,VK,5470819,20,14,W,0,138,0.575
DISPLAY,2016-08-01,GDN,21442259,25,20,W,0,488,0.531
IVIDEO,2016-12-01,GPMD,952031,25,29,W,0,96,0.443
IVIDEO,2016-05-01,YOUTUBE,8960522,25,25,M,1,356,0.503
DISPLAY,2018-01-01,VK,717958,12,52,P,0,88,1.0
IVIDEO,2017-01-01,IMHO,228724,25,29,W,0,40,0.727
IVIDEO,2017-09-01,GPMD,1207867,25,19,W,1,115,0.436
IVIDEO,2016-04-01,YOUTUBE,2045170,18,26,P,1,157,0.57
IVIDEO,2017-04-01,GPMD,2576227,16,8,W,0,89,0.41
DISPLAY,2016-10-01,VK,2670297,13,11,M,1,46,0.48
DISPLAY,2016-06-01,VK,1857935,25,24,W,1,65,0.808
DISPLAY,2016-05-01,MAILPOST,2310217,20,20,W,1,255,0.779
DISPLAY,2016-02-01,GDN,12179588,18,32,W,0,291,0.458
DISPLAY,2016-04-01,OK,29891980,20,20,W,1,485,0.603
DISPLAY,2016-08-01,VK,4063641,13,11,M,1,69,0.592
IVIDEO,2016-11-01,GPMD,557931,20,34,W,1,57,0.632
DISPLAY,2016-03-01,OK,32135472,20,34,W,1,787,0.637
DISPLAY,2016-03-01,MAILLADY,2839401,20,20,W,1,207,0.742
DISPLAY,2016-03-01,MAILMAIN,10256235,25,20,W,0,827,0.831
IVIDEO,2017-02-01,GPMD,9167237,25,19,P,1,243,0.28
IVIDEO,2017-03-01,IMHO,1665124,18,32,M,1,129,0.531
IVIDEO,2016-10-01,IMHO,1096871,18,16,W,1,74,0.45
IVIDEO,2017-02-01,GPMD,1364244,16,24,P,0,47,0.482
IVIDEO,2017-11-01,IMHO,25914079,25,19,P,1,566,0.309
DISPLAY,2017-11-01,MAILAUDIO,3226323,20,24,W,1,46,0.766
DISPLAY,2017-12-01,MAILPOST,14362999,16,28,W,1,606,0.73
IVIDEO,2018-02-01,GPMD,2540468,25,19,P,1,276,0.671
DISPLAY,2017-06-01,OK,3561254,16,19,W,0,132,0.768
IVIDEO,2016-10-01,IMHO,2772349,25,29,W,0,177,0.57
DISPLAY,2016-10-01,OK,24804783,25,20,W,1,412,0.543
IVIDEO,2016-05-01,YOUTUBE,5593960,16,19,W,0,311,0.591
IVIDEO,2017-04-01,IMHO,1631727,20,34,W,1,169,0.602
DISPLAY,2016-07-01,MAILPOST,8019238,25,29,W,1,723,0.763
IVIDEO,2016-04-01,YOUTUBE,599997,25,29,W,0,40,0.584
DISPLAY,2016-04-01,VK,4985999,16,24,W,0,176,0.822
IVIDEO,2016-08-01,GPMD,1175336,13,11,M,0,106,0.597
DISPLAY,2016-12-01,BABYBLOG,833243,12,52,P,0,40,1.0
IVIDEO,2016-08-01,STS,345551,25,19,W,0,47,0.759
DISPLAY,2017-04-01,SPORTBOX,1089766,18,32,M,1,61,0.526
IVIDEO,2016-12-01,GPMD,2565372,16,19,W,0,217,0.713
IVIDEO,2016-05-01,GPMD,876972,25,19,W,1,108,0.633
IVIDEO,2016-04-01,GPMD,649353,16,19,W,0,49,0.872
DISPLAY,2016-09-01,MAILLADY,2444119,25,20,W,1,200,0.734
IVIDEO,2016-02-01,IMHO,413910,20,20,W,1,49,0.614
IVIDEO,2016-04-01,IMHO,814775,18,17,P,1,77,0.447
DISPLAY,2016-09-01,YOUTUBE,5059410,25,24,W,1,116,0.311
DISPLAY,2016-06-01,VK,1241942,25,20,W,0,84,0.788
IVIDEO,2016-12-01,GPMD,624084,25,19,W,1,91,0.76
IVIDEO,2017-11-01,IMHO,3830022,16,28,W,1,168,0.286
IVIDEO,2016-11-01,IMHO,2530291,25,29,W,0,194,0.612
IVIDEO,2017-08-01,IMHO,1143916,18,6,M,0,49,0.341
DISPLAY,2016-12-01,OK,15711199,18,32,M,1,318,0.648
DISPLAY,2016-03-01,OK,3680114,18,32,M,1,151,0.629
DISPLAY,2016-09-01,OK,1942855,20,24,W,1,73,0.457
DISPLAY,2016-03-01,VK,1798686,16,19,W,0,124,0.767
DISPLAY,2016-08-01,MAILMYWORLD,5199108,25,20,W,0,229,0.713
DISPLAY,2016-03-01,OK,25846912,25,19,W,1,539,0.535
IVIDEO,2016-03-01,GPMD,1764902,25,19,W,1,199,0.481
DISPLAY,2016-05-01,VK,5863598,16,19,W,0,222,0.762
IVIDEO,2016-04-01,IMHO,3357091,25,19,W,1,238,0.458
IVIDEO,2016-10-01,GPMD,3591774,16,19,W,0,312,0.762
IVIDEO,2016-09-01,YOUTUBE,724655,18,26,P,1,65,0.524
IVIDEO,2016-12-01,GPMD,1225530,25,19,W,1,154,0.719
IVIDEO,2016-08-01,GPMD,1356996,20,34,W,1,129,0.726
IVIDEO,2017-08-01,GPMD,2933568,16,8,W,0,124,0.498
IVIDEO,2017-01-01,GPMD,2616819,25,19,W,0,369,0.708
IVIDEO,2016-07-01,GPMD,4101644,18,32,M,1,444,0.694
IVIDEO,2017-03-01,GPMD,1177186,20,14,W,0,64,0.262
IVIDEO,2016-04-01,GPMD,679604,16,19,W,0,60,0.822
DISPLAY,2016-04-01,OK,22877181,20,15,W,1,340,0.618
DISPLAY,2016-07-01,MAILPOST,17499684,16,19,W,0,734,0.807
IVIDEO,2017-08-01,IMHO,3321000,16,18,M,1,168,0.375
IVIDEO,2016-05-01,IMHO,1949038,18,26,P,1,86,0.575
DISPLAY,2016-01-01,MAILPOST,3881327,20,20,W,0,116,0.765
DISPLAY,2016-05-01,VK,1351875,20,24,W,0,117,0.815
IVIDEO,2017-09-01,IMHO,2151020,25,19,W,1,192,0.397
DISPLAY,2017-09-01,MAILMAIN,549434,12,52,P,0,134,1.0
DISPLAY,2017-11-01,MAILPOST,3578663,20,24,W,1,126,0.773
DISPLAY,2017-12-01,MAILMAIN,2127568,16,28,W,1,167,0.674
IVIDEO,2018-02-01,GPMD,4092446,16,34,W,0,188,0.35
DISPLAY,2017-10-01,OK,4207820,16,28,W,1,138,0.679
IVIDEO,2017-07-01,STS,985958,18,32,M,1,42,0.484
IVIDEO,2016-11-01,GPMD,320968,25,19,W,1,42,0.718
IVIDEO,2017-01-01,STS,450496,18,26,W,1,41,0.581
DISPLAY,2017-06-01,VK,1297203,16,8,W,0,44,0.767
IVIDEO,2017-09-01,IMHO,3197252,25,19,W,1,213,0.302
IVIDEO,2017-02-01,IMHO,1623503,25,19,W,1,89,0.445
DISPLAY,2016-04-01,VK,3755572,16,19,W,0,145,0.776
IVIDEO,2016-04-01,YOUTUBE,990937,18,16,W,0,42,0.426
DISPLAY,2016-03-01,MAILPOST,21714178,20,14,W,0,760,0.822
DISPLAY,2016-05-01,VK,1392208,25,20,W,0,91,0.798
DISPLAY,2016-02-01,OK,13438992,20,24,W,0,429,0.509
IVIDEO,2016-12-01,GPMD,5323937,25,19,P,1,236,0.327
IVIDEO,2017-05-01,GPMD,1370856,18,6,M,0,82,0.568
DISPLAY,2017-03-01,MATCHTV,1929078,18,32,M,1,50,0.492
DISPLAY,2016-11-01,OK,10554371,18,26,P,1,371,0.856
IVIDEO,2016-10-01,IMHO,1334718,20,34,W,1,97,0.494
DISPLAY,2016-03-01,OK,18776966,20,14,W,0,342,0.723
IVIDEO,2017-04-01,IMHO,998002,25,19,W,0,96,0.398
IVIDEO,2017-02-01,IMHO,1175176,25,19,W,0,110,0.475
IVIDEO,2016-07-01,STS,370145,18,32,M,1,53,0.685
IVIDEO,2017-05-01,IMHO,1492226,20,34,W,1,137,0.633
IVIDEO,2016-05-01,STS,856400,25,19,W,1,43,0.251
DISPLAY,2017-09-01,VK,1868229,13,11,M,0,40,0.849
DISPLAY,2016-05-01,SPORTEXPRESS,1363252,25,25,M,1,44,0.509
DISPLAY,2016-10-01,OK,9972176,20,15,W,1,211,0.574
DISPLAY,2017-06-01,MAILPOST,2663467,13,11,M,0,78,0.499
IVIDEO,2017-01-01,GPMD,1042736,25,29,W,0,131,0.6
DISPLAY,2017-12-01,MAILPOST,2954517,20,24,W,1,108,0.768
IVIDEO,2016-06-01,IMHO,4293544,18,32,M,1,265,0.557
IVIDEO,2017-10-01,IMHO,3411526,20,44,W,0,321,0.796
DISPLAY,2017-10-01,MAILAUDIO,2387768,20,24,W,1,52,0.701
DISPLAY,2016-09-01,VK,6680513,18,27,W,0,260,0.791
IVIDEO,2016-04-01,YOUTUBE,2226122,16,19,W,0,110,0.58
IVIDEO,2016-09-01,GPMD,1561059,25,39,W,0,286,0.8
DISPLAY,2017-05-01,VK,3327334,16,8,W,0,67,0.239
DISPLAY,2017-01-01,VK,7926929,16,18,W,0,169,0.728
IVIDEO,2017-02-01,IMHO,520220,25,19,W,0,44,0.346
IVIDEO,2016-04-01,YOUTUBE,2378605,25,29,W,0,128,0.618
IVIDEO,2016-05-01,GPMD,656885,16,19,W,0,74,0.692
IVIDEO,2016-08-01,GPMD,1729722,18,16,W,1,203,0.659
IVIDEO,2016-09-01,YOUTUBE,835957,25,19,W,0,88,0.631
DISPLAY,2016-04-01,VK,7049927,16,29,P,0,242,0.894
DISPLAY,2017-01-01,OK,10881193,18,26,P,1,748,0.766
IVIDEO,2017-03-01,IMHO,911511,18,6,M,0,56,0.424
IVIDEO,2016-12-01,IMHO,1826059,16,19,W,0,126,0.643
DISPLAY,2017-05-01,MAILPOST,38869786,16,28,W,1,1128,0.715
DISPLAY,2016-03-01,MAILHEALTH,1024194,20,24,W,0,129,0.791
DISPLAY,2017-08-01,MAILPOST,36372101,16,28,W,1,916,0.709
DISPLAY,2016-09-01,VK,6960461,16,24,W,0,323,0.694
DISPLAY,2016-09-01,MAILMYWORLD,2334515,25,20,W,1,127,0.678
DISPLAY,2016-03-01,MAILPOST,42253887,16,28,W,1,1354,0.753
IVIDEO,2017-03-01,STS,733603,18,32,M,1,46,0.284
IVIDEO,2016-11-01,IMHO,8611048,25,19,P,1,235,0.45
DISPLAY,2016-12-01,VK,1694199,20,24,W,0,53,0.791
DISPLAY,2016-04-01,VK,1915227,16,18,M,1,102,0.495
DISPLAY,2016-03-01,MAILPOST,53024231,25,20,W,1,1381,0.718
IVIDEO,2016-06-01,GPMD,991470,25,29,W,1,84,0.61
IVIDEO,2017-10-01,GPMD,592410,13,11,M,0,50,0.716
IVIDEO,2017-07-01,GPMD,1936280,16,19,W,0,113,0.761
DISPLAY,2017-09-01,OK,695022,12,52,P,0,123,1.0
DISPLAY,2017-12-01,MAILPOST,14645487,25,19,W,1,614,0.728
DISPLAY,2017-12-01,MAILPOST,2070075,18,46,P,0,375,1.0
IVIDEO,2017-04-01,GPMD,3424201,25,19,W,1,366,0.613
IVIDEO,2016-11-01,GPMD,4119637,20,14,W,0,332,0.619
IVIDEO,2017-08-01,IMHO,5126900,16,24,M,0,264,0.476
IVIDEO,2017-07-01,GPMD,1202876,25,19,W,0,106,0.732
IVIDEO,2017-03-01,IMHO,950455,25,29,W,0,91,0.567
DISPLAY,2017-06-01,VK,720382,18,26,M,0,51,0.839
DISPLAY,2017-01-01,VK,12026082,18,26,W,0,359,0.714
IVIDEO,2016-09-01,GPMD,1969378,20,20,W,1,212,0.563
IVIDEO,2016-09-01,IMHO,2929412,18,26,P,1,88,0.466
IVIDEO,2016-08-01,GPMD,2770281,20,14,W,0,179,0.565
DISPLAY,2017-02-01,OK,10440982,18,32,M,1,259,0.637
IVIDEO,2016-09-01,IMHO,1861756,20,34,W,1,96,0.556
IVIDEO,2016-11-01,IMHO,1143136,25,19,W,0,83,0.425
DISPLAY,2017-05-01,OK,28488086,16,28,W,1,537,0.643
DISPLAY,2016-02-01,YOUTUBE,17083060,18,32,M,1,349,0.412
IVIDEO,2016-12-01,GPMD,1265440,25,29,W,0,88,0.544
IVIDEO,2016-12-01,IMHO,4605737,25,25,M,1,270,0.437
DISPLAY,2016-05-01,MAILLADY,7860176,25,20,W,0,801,0.804
IVIDEO,2017-01-01,STS,424027,16,19,W,0,53,0.774
IVIDEO,2016-02-01,STS,585099,25,19,W,1,52,0.479
IVIDEO,2016-04-01,YOUTUBE,1854473,25,19,W,1,99,0.504
DISPLAY,2016-03-01,MAILPOST,13327618,25,15,W,1,762,0.749
IVIDEO,2017-04-01,GPMD,2145237,20,14,W,0,113,0.262
DISPLAY,2016-11-01,VK,4148770,16,8,M,1,46,0.313
DISPLAY,2017-01-01,GDN,62450112,18,26,P,1,1038,0.688
IVIDEO,2016-09-01,GPMD,409680,25,19,W,0,49,0.676
IVIDEO,2016-04-01,YOUTUBE,1051365,20,34,W,1,70,0.466
IVIDEO,2016-04-01,STS,1427015,20,14,W,0,46,0.259
IVIDEO,2016-04-01,GPMD,503265,18,17,P,1,50,0.725
IVIDEO,2016-12-01,IMHO,5176239,18,32,M,1,178,0.41
DISPLAY,2016-11-01,MAILPOST,7781603,25,20,W,0,531,0.815
DISPLAY,2017-09-01,VK,970776,18,46,P,0,53,0.742
DISPLAY,2017-09-01,OK,695098,12,52,P,0,79,1.0
DISPLAY,2017-09-01,MAILPOST,692896,12,52,P,0,193,1.0
DISPLAY,2018-01-01,MAILMAIN,3041341,16,28,W,1,304,0.707
DISPLAY,2016-04-01,OK,5967189,15,20,W,0,195,0.71
IVIDEO,2017-12-01,IMHO,9471063,20,14,W,0,114,0.136
DISPLAY,2017-10-01,MAILAUDIO,1988895,20,24,W,1,41,0.877
IVIDEO,2017-05-01,IMHO,1550374,25,19,W,0,99,0.409
IVIDEO,2017-08-01,IMHO,1482081,25,39,W,1,181,0.645
IVIDEO,2016-11-01,GPMD,2028278,25,29,W,0,205,0.577
IVIDEO,2017-10-01,IMHO,3926000,25,19,W,0,240,0.297
IVIDEO,2016-09-01,IMHO,2830051,18,32,M,1,210,0.601
IVIDEO,2016-09-01,YOUTUBE,1605435,18,26,P,1,118,0.581
DISPLAY,2017-01-01,BABYBLOG,5915764,12,52,P,0,162,1.0
DISPLAY,2017-06-01,VK,3291439,16,28,W,1,205,0.623
IVIDEO,2017-09-01,IMHO,2471939,16,19,W,0,154,0.619
IVIDEO,2017-02-01,IMHO,1963531,25,19,W,1,121,0.335
IVIDEO,2017-05-01,IMHO,1525413,18,32,M,1,75,0.347
DISPLAY,2016-08-01,OK,20702417,20,24,W,1,471,0.56
IVIDEO,2016-05-01,IMHO,951299,16,19,W,0,62,0.611
DISPLAY,2016-05-01,VK,1025792,25,20,W,0,85,0.801
DISPLAY,2016-12-01,RAMBLER,747954,20,24,W,1,58,0.548
DISPLAY,2016-01-01,OK,20349110,25,29,W,0,632,0.631
IVIDEO,2017-04-01,GPMD,1450490,20,34,W,1,84,0.467
DISPLAY,2016-09-01,VK,4134864,18,26,P,0,225,0.845
IVIDEO,2016-08-01,YOUTUBE,1537180,25,29,W,1,105,0.535
DISPLAY,2016-09-01,GDN,11779659,25,20,W,0,317,0.55
IVIDEO,2018-01-01,GPMD,1588007,16,8,W,0,56,0.401
DISPLAY,2016-02-01,MAILPOST,28408873,15,20,W,0,1024,0.785
IVIDEO,2016-11-01,IMHO,2380828,25,19,W,1,139,0.4
DISPLAY,2016-12-01,BABYBLOG,907655,12,52,P,0,41,1.0
DISPLAY,2016-02-01,MAILPOST,18784355,20,24,M,1,721,0.392
DISPLAY,2017-01-01,BABYBLOG,190181,12,52,P,0,42,1.0
IVIDEO,2017-07-01,GPMD,1171229,18,16,W,1,60,0.547
IVIDEO,2017-09-01,GPMD,946051,25,19,W,0,84,0.597
IVIDEO,2017-09-01,IMHO,10261227,18,32,M,1,482,0.524
DISPLAY,2016-04-01,MAILPOST,56275101,18,26,P,1,2286,0.85
IVIDEO,2016-07-01,GPMD,2659314,16,24,M,0,266,0.67
IVIDEO,2016-04-01,IMHO,524084,20,34,W,1,43,0.464
DISPLAY,2016-05-01,VK,1965063,25,24,W,1,98,0.762
IVIDEO,2017-02-01,GPMD,1915927,20,34,W,1,218,0.644
IVIDEO,2016-10-01,IMHO,890543,25,19,W,0,75,0.417
IVIDEO,2017-01-01,GPMD,1822169,20,14,W,0,69,0.148
DISPLAY,2016-12-01,VK,3344787,16,18,W,0,80,0.622
IVIDEO,2016-07-01,IMHO,1053239,16,19,W,0,55,0.555
IVIDEO,2017-04-01,GPMD,3529838,16,19,W,0,353,0.7
DISPLAY,2016-03-01,VK,1791684,20,34,W,1,140,0.767
DISPLAY,2016-08-01,MAILMAIN,1934141,16,19,W,0,237,0.841
DISPLAY,2016-04-01,MAILPOST,21350629,20,14,W,0,687,0.782
IVIDEO,2016-02-01,IMHO,1235633,20,20,W,1,76,0.467
IVIDEO,2016-08-01,GPMD,991886,18,16,W,0,94,0.704
IVIDEO,2016-09-01,YOUTUBE,2541373,20,20,W,0,183,0.544
IVIDEO,2017-06-01,IMHO,1596547,25,19,W,0,121,0.366
DISPLAY,2016-05-01,MAILLADY,1509605,25,20,W,0,177,0.8
IVIDEO,2017-04-01,IMHO,1166807,25,29,W,0,102,0.611
DISPLAY,2017-09-01,MAILPOST,271831,25,24,W,1,61,0.74
DISPLAY,2016-03-01,GDN,7657029,20,14,W,0,80,0.521
DISPLAY,2017-11-01,MAILAUDIO,2941450,20,24,W,1,45,0.561
IVIDEO,2017-11-01,IMHO,3407966,25,19,W,1,228,0.34
DISPLAY,2017-11-01,OK,4801794,20,34,W,1,214,0.541
IVIDEO,2017-07-01,IMHO,1837694,16,19,W,0,66,0.587
DISPLAY,2017-05-01,VK,1523539,16,18,M,0,75,0.673
IVIDEO,2016-10-01,GPMD,2494509,20,14,W,0,233,0.613
DISPLAY,2016-07-01,MAILPOST,16611074,25,25,M,1,828,0.752
IVIDEO,2016-03-01,GPMD,755959,25,19,W,1,68,0.654
IVIDEO,2016-07-01,GPMD,1359712,20,34,W,1,86,0.637
IVIDEO,2016-02-01,YOUTUBE,2865749,25,29,W,0,271,0.714
DISPLAY,2017-06-01,VK,1469555,18,6,M,0,81,0.68
DISPLAY,2016-02-01,OK,24829863,20,24,M,1,319,0.315
IVIDEO,2017-09-01,IMHO,1653335,25,19,W,0,130,0.599
IVIDEO,2017-09-01,IMHO,2541069,16,8,W,0,70,0.357
DISPLAY,2016-07-01,OK,2722944,25,29,W,1,172,0.634
IVIDEO,2016-11-01,GPMD,1940210,25,19,W,1,146,0.698
IVIDEO,2016-10-01,IMHO,1360646,25,24,W,0,110,0.431
DISPLAY,2016-10-01,VK,2910120,18,6,M,0,115,0.746
IVIDEO,2016-06-01,GPMD,405555,25,29,W,0,79,0.776
DISPLAY,2016-06-01,MAILPOST,11752724,20,14,W,0,576,0.812
DISPLAY,2016-03-01,MAILPOST,28435715,15,20,W,0,954,0.811
DISPLAY,2016-10-01,MAILLADY,1459644,20,24,W,1,111,0.813
DISPLAY,2016-03-01,OK,2130659,20,14,W,0,107,0.759
IVIDEO,2016-02-01,GPMD,2514457,20,20,W,1,61,0.155
DISPLAY,2016-06-01,GDN,12825733,25,24,W,1,118,0.501
DISPLAY,2017-10-01,VK,464222,20,14,W,0,40,0.578
DISPLAY,2016-01-01,OK,3683653,18,32,M,1,144,0.6
DISPLAY,2017-02-01,MAILPOST,14791703,18,26,W,1,1045,0.694
DISPLAY,2017-05-01,SPORTBOX,910794,18,32,M,1,64,0.551
IVIDEO,2016-01-01,GPMD,539657,16,19,W,0,58,0.733
DISPLAY,2016-03-01,MAILMAIN,7282805,25,19,W,1,679,0.708
IVIDEO,2016-07-01,GPMD,1235942,20,20,W,0,92,0.534
DISPLAY,2016-06-01,MAILSPORTS,2814172,20,25,M,1,272,0.797
DISPLAY,2016-06-01,VK,446984,16,24,M,0,40,0.653
DISPLAY,2016-06-01,VK,932572,16,24,W,0,66,0.83
IVIDEO,2017-03-01,GPMD,3041570,20,34,W,1,346,0.629
IVIDEO,2017-01-01,GPMD,2604213,18,32,M,1,161,0.52
IVIDEO,2017-07-01,IMHO,1212376,16,19,W,0,57,0.485
DISPLAY,2017-11-01,VK,6324297,16,28,W,1,219,0.596
IVIDEO,2017-11-01,STS,635611,18,26,P,1,52,0.274
DISPLAY,2016-01-01,MAILPOST,34662654,16,19,W,0,1005,0.811
IVIDEO,2017-12-01,IMHO,1820003,16,8,W,0,49,0.339
IVIDEO,2016-09-01,IMHO,1108185,16,19,W,0,85,0.481
DISPLAY,2017-05-01,VK,2470561,16,8,W,0,112,0.737
IVIDEO,2017-06-01,GPMD,4140900,18,32,M,1,319,0.582
IVIDEO,2017-04-01,IMHO,1193793,20,34,W,1,82,0.477
IVIDEO,2016-05-01,GPMD,1082331,16,19,W,0,92,0.737
DISPLAY,2016-06-01,MAILPOST,11210505,18,32,M,1,728,0.763
DISPLAY,2017-09-01,OK,692809,12,52,P,0,85,1.0
DISPLAY,2016-05-01,OK,18721016,20,14,W,0,336,0.728
DISPLAY,2016-10-01,VK,1899737,20,14,W,0,129,0.499
IVIDEO,2017-03-01,STS,472535,25,19,P,1,73,0.719
DISPLAY,2016-07-01,VK,8818911,25,39,M,1,526,0.74
DISPLAY,2016-11-01,MAILMAIN,2120225,18,26,P,1,199,0.792
DISPLAY,2016-09-01,MAILPOST,19573879,20,20,W,0,872,0.824
DISPLAY,2016-02-01,OK,6396145,18,32,M,1,106,0.236
IVIDEO,2016-11-01,STS,485173,16,19,W,0,50,0.844
IVIDEO,2016-12-01,GPMD,322966,25,19,W,1,53,0.837
IVIDEO,2016-02-01,GPMD,304994,25,19,W,1,47,0.579
IVIDEO,2016-05-01,GPMD,609505,25,19,W,1,97,0.624
IVIDEO,2016-04-01,IMHO,952815,25,39,W,0,93,0.717
DISPLAY,2017-02-01,GDN,19553002,18,26,W,1,329,0.637
DISPLAY,2016-05-01,YOUTUBE,2182579,18,26,P,1,152,0.695
DISPLAY,2016-10-01,MAILPOST,5641234,18,32,M,0,563,0.793
IVIDEO,2016-12-01,GPMD,1274836,25,29,W,0,160,0.579
DISPLAY,2016-12-01,MAILPOST,14563567,18,26,P,1,1083,0.812
IVIDEO,2017-12-01,IMHO,3348940,16,28,W,1,82,0.27
DISPLAY,2017-12-01,VK,2184732,25,19,W,0,245,0.756
IVIDEO,2016-03-01,YOUTUBE,3135195,20,14,W,0,120,0.517
IVIDEO,2017-06-01,GPMD,2679470,25,29,W,1,165,0.436
IVIDEO,2016-08-01,IMHO,2235152,18,32,M,1,211,0.577
DISPLAY,2017-10-01,VK,299250,16,24,W,0,50,0.771
IVIDEO,2017-04-01,IMHO,1354320,25,29,W,0,112,0.566
IVIDEO,2016-05-01,STS,2609741,16,19,W,0,70,0.349
DISPLAY,2016-10-01,OK,10455753,18,32,M,1,288,0.678
DISPLAY,2017-04-01,VK,255388,12,52,P,0,43,1.0
IVIDEO,2016-07-01,YOUTUBE,3014607,20,14,W,0,156,0.357
IVIDEO,2017-02-01,GPMD,9411668,20,14,W,0,258,0.237
DISPLAY,2016-01-01,VK,1179190,20,14,W,0,70,0.462
IVIDEO,2016-04-01,STS,2245580,25,19,W,1,83,0.312
DISPLAY,2016-06-01,MAILSPORTS,6858439,20,25,M,1,208,0.336
DISPLAY,2016-02-01,MAILPOST,40778913,18,32,W,0,1731,0.832
DISPLAY,2016-05-01,MAILPOST,37180461,16,19,W,0,1020,0.785
DISPLAY,2016-10-01,MAILPOST,1357799,16,29,P,0,41,0.571
IVIDEO,2017-04-01,STS,1184031,18,26,P,1,132,0.688
IVIDEO,2017-02-01,GPMD,755079,25,29,W,0,80,0.626
DISPLAY,2016-03-01,OK,77261894,20,24,W,0,782,0.489
IVIDEO,2016-08-01,YOUTUBE,4898459,20,20,W,0,372,0.548
DISPLAY,2017-09-01,VK,1406296,16,24,W,0,62,0.775
IVIDEO,2017-09-01,GPMD,7746583,20,14,W,0,92,0.153
DISPLAY,2018-02-01,VK,1454310,18,26,W,0,84,0.717
IVIDEO,2018-02-01,IMHO,7902678,25,19,W,1,68,0.299
IVIDEO,2017-11-01,IMHO,14173748,18,26,P,1,504,0.318
DISPLAY,2017-11-01,MAILPOST,4431674,18,46,P,0,442,0.993
IVIDEO,2016-06-01,YOUTUBE,6958805,25,25,M,1,313,0.476
IVIDEO,2017-07-01,GPMD,3035000,16,24,M,0,144,0.681
DISPLAY,2017-08-01,MAILPOST,17426834,16,19,W,0,629,0.768
IVIDEO,2016-09-01,IMHO,4282465,18,27,P,1,245,0.494
IVIDEO,2017-05-01,GPMD,1751269,20,34,W,1,123,0.442
IVIDEO,2016-04-01,IMHO,1112661,20,34,W,1,66,0.348
IVIDEO,2016-08-01,GPMD,707141,25,19,W,0,79,0.775
DISPLAY,2016-12-01,BABYBLOG,8941542,12,52,P,0,169,1.0
DISPLAY,2016-04-01,AFISHA,670129,18,17,P,1,50,0.39
DISPLAY,2016-08-01,MAILMAIN,2924454,20,24,W,1,345,0.724
IVIDEO,2016-04-01,GPMD,670868,25,19,W,1,77,0.525
DISPLAY,2017-01-01,BABYBLOG,9000441,12,52,P,0,172,1.0
IVIDEO,2016-06-01,IMHO,1547419,20,34,W,1,83,0.553
DISPLAY,2016-01-01,MAILMAIN,9833243,25,19,W,1,846,0.717
DISPLAY,2016-03-01,AFISHA,3743094,18,37,P,1,96,0.814
IVIDEO,2017-02-01,GPMD,2412079,25,19,W,0,349,0.7
IVIDEO,2017-03-01,IMHO,1239847,16,19,W,0,78,0.703
DISPLAY,2017-05-01,MATCHTV,2012426,18,32,M,1,58,0.532
DISPLAY,2016-08-01,YOUTUBE,2408344,25,24,W,1,62,0.261
IVIDEO,2017-01-01,IMHO,1550221,25,19,W,1,75,0.356
IVIDEO,2016-04-01,GPMD,738885,20,14,W,0,111,0.812
DISPLAY,2016-11-01,OK_PROMOPOST,6640558,20,14,W,0,74,0.665
IVIDEO,2016-02-01,GPMD,343048,25,19,W,0,46,0.686
IVIDEO,2016-12-01,GPMD,591894,20,34,W,1,76,0.636
IVIDEO,2016-01-01,IMHO,743581,25,19,W,1,76,0.497
IVIDEO,2016-03-01,GPMD,1151371,18,32,M,1,121,0.688
IVIDEO,2016-06-01,GPMD,1667276,20,14,W,0,177,0.592
IVIDEO,2017-09-01,IMHO,1737957,25,39,W,1,176,0.666
IVIDEO,2017-09-01,IMHO,3117860,20,14,W,0,46,0.236
IVIDEO,2017-09-01,IMHO,1731702,20,44,W,0,231,0.777
IVIDEO,2017-11-01,IMHO,3726985,18,32,M,1,267,0.504
IVIDEO,2017-10-01,GPMD,2121875,25,19,W,1,242,0.571
IVIDEO,2016-12-01,GPMD,2251754,25,25,M,1,187,0.476
DISPLAY,2016-09-01,VK,1698208,16,9,W,0,58,0.688
IVIDEO,2017-09-01,IMHO,2851765,20,44,W,0,237,0.858
IVIDEO,2016-09-01,IMHO,1017636,20,34,W,1,82,0.53
DISPLAY,2016-04-01,OK,12939532,16,19,W,0,285,0.699
IVIDEO,2016-04-01,YOUTUBE,950029,16,19,W,0,54,0.708
IVIDEO,2016-10-01,GPMD,319507,20,34,W,1,48,0.796
DISPLAY,2016-01-01,OK,1847461,18,26,P,1,107,0.784
DISPLAY,2016-12-01,BABYBLOG,1549156,12,52,P,0,70,1.0
IVIDEO,2016-11-01,GPMD,685385,25,19,W,0,72,0.855
DISPLAY,2016-07-01,VK,6207594,18,17,W,1,194,0.492
IVIDEO,2017-02-01,IMHO,2074369,18,26,W,1,124,0.461
IVIDEO,2017-02-01,STS,263688,25,19,W,0,42,0.795
DISPLAY,2016-03-01,OK,21538089,25,30,P,1,912,0.829
DISPLAY,2016-03-01,MAILPOST,2362894,18,32,M,1,238,0.814
DISPLAY,2016-04-01,MAILLADY,5686564,25,20,W,1,385,0.76
IVIDEO,2016-02-01,GPMD,2105692,16,19,W,0,165,0.578
IVIDEO,2016-06-01,GPMD,1946147,20,14,W,0,109,0.569
DISPLAY,2016-11-01,OK,2880925,18,32,M,0,122,0.765
IVIDEO,2016-05-01,IMHO,1086355,20,20,W,1,64,0.401
IVIDEO,2016-05-01,IMHO,448379,25,29,W,0,43,0.725
DISPLAY,2016-09-01,VK,5378497,16,24,W,0,212,0.753
DISPLAY,2016-04-01,MAILHEALTH,2148609,20,15,W,1,187,0.637
IVIDEO,2018-01-01,IMHO,2300823,16,34,W,0,95,0.341
IVIDEO,2018-02-01,IMHO,1320600,16,34,W,0,69,0.32
IVIDEO,2017-07-01,GPMD,1722877,16,18,M,1,155,0.505
IVIDEO,2017-10-01,STS,1680912,18,36,P,1,126,0.607
IVIDEO,2017-08-01,GPMD,753050,25,19,W,0,107,0.788
IVIDEO,2017-05-01,GPMD,2526084,16,19,W,0,284,0.791
IVIDEO,2016-04-01,GPMD,568962,25,19,W,1,81,0.613
IVIDEO,2016-09-01,GPMD,1731468,18,26,P,1,120,0.452
DISPLAY,2016-07-01,MAILPOST,2738004,20,24,W,1,306,0.723
IVIDEO,2017-04-01,GPMD,1362978,20,34,W,1,138,0.549
DISPLAY,2016-04-01,MAILLADY,1795577,20,15,W,1,150,0.757
IVIDEO,2017-04-01,GPMD,1851706,25,19,W,1,148,0.591
IVIDEO,2017-02-01,GPMD,2532844,16,19,W,0,196,0.743
IVIDEO,2017-04-01,IMHO,1140338,25,19,W,1,61,0.529
DISPLAY,2016-08-01,MAILPOST,25667110,20,24,W,1,995,0.754
IVIDEO,2017-04-01,GPMD,1762224,25,19,W,0,251,0.664
DISPLAY,2016-12-01,OK,22619380,18,26,P,1,898,0.821
IVIDEO,2016-06-01,GPMD,2834460,18,26,P,1,258,0.498
DISPLAY,2016-02-01,OK,5175585,18,26,P,1,269,0.796
IVIDEO,2016-04-01,GPMD,508423,25,29,W,1,63,0.798
DISPLAY,2016-11-01,MAILLADY,1437736,20,24,W,1,137,0.829
DISPLAY,2016-05-01,OK,28814726,20,24,W,0,653,0.679
DISPLAY,2016-01-01,MAILPOST,42557573,25,29,W,0,1759,0.827
DISPLAY,2016-07-01,MAILLADY,3875186,16,28,P,1,416,0.851
DISPLAY,2016-10-01,VK,1261862,25,25,M,1,103,0.729
IVIDEO,2016-06-01,GPMD,3601820,18,26,P,1,265,0.46
IVIDEO,2016-04-01,GPMD,2200248,20,14,W,0,250,0.662
IVIDEO,2017-03-01,IMHO,1820367,25,19,W,1,85,0.265
IVIDEO,2017-05-01,GPMD,969150,18,26,P,1,91,0.667
IVIDEO,2016-09-01,IMHO,2837657,18,32,M,1,193,0.537
DISPLAY,2016-11-01,MAILPOST,9850137,25,20,W,0,590,0.781
DISPLAY,2016-11-01,MAILMAIN,1943434,18,32,M,1,199,0.697
IVIDEO,2016-03-01,IMHO,450703,20,20,W,1,49,0.578
DISPLAY,2017-12-01,VK,3173322,25,19,W,1,187,0.613
IVIDEO,2018-01-01,IMHO,3429090,25,19,W,1,95,0.186
IVIDEO,2016-06-01,YOUTUBE,1586068,35,9,W,0,92,0.386
DISPLAY,2017-08-01,MAILMAIN,1124105,16,28,W,1,93,0.688
DISPLAY,2016-09-01,BABYBLOG,14821349,20,14,W,0,92,0.712
DISPLAY,2016-11-01,OK,10459767,18,32,M,1,254,0.668
IVIDEO,2016-06-01,YOUTUBE,1214903,16,19,W,0,61,0.651
IVIDEO,2017-06-01,IMHO,778959,20,34,W,1,67,0.554
IVIDEO,2016-04-01,YOUTUBE,513681,16,19,W,0,40,0.501
IVIDEO,2017-02-01,IMHO,1771112,20,34,W,1,137,0.462
IVIDEO,2016-08-01,STS,862143,20,34,W,1,69,0.637
DISPLAY,2016-08-01,MAILPOST,19529596,20,20,W,0,949,0.816
DISPLAY,2016-09-01,MAILHITECH,3524905,18,32,M,1,250,0.538
DISPLAY,2016-02-01,MAILPOST,65799448,18,32,M,1,1657,0.728
IVIDEO,2016-07-01,GPMD,4193022,20,14,W,0,176,0.459
IVIDEO,2016-08-01,YOUTUBE,2910192,20,14,W,0,74,0.456
DISPLAY,2016-05-01,GDN,28936692,25,20,W,0,626,0.485
DISPLAY,2016-03-01,MAILANSWERS,3048673,18,32,M,1,359,0.653
DISPLAY,2016-03-01,GDN,14402307,16,14,W,1,198,0.291
DISPLAY,2016-04-01,MAILPOST,10736257,18,32,M,1,799,0.8
IVIDEO,2017-01-01,IMHO,2370781,16,19,W,0,140,0.653
DISPLAY,2016-04-01,MAILPOST,46467308,25,20,W,1,1316,0.723
IVIDEO,2016-02-01,GPMD,878479,16,19,W,0,80,0.66
DISPLAY,2017-08-01,MAILMAIN,4699851,16,28,W,1,294,0.695
DISPLAY,2016-06-01,SPORTBOX,1528968,20,25,M,1,46,0.355
IVIDEO,2016-09-01,GPMD,2719415,20,34,W,1,239,0.691
IVIDEO,2017-05-01,IMHO,1898854,25,19,W,0,137,0.475
IVIDEO,2016-03-01,IMHO,1108563,25,19,W,1,99,0.547
DISPLAY,2016-03-01,MAILLADY,3407198,20,20,W,1,249,0.753
DISPLAY,2016-05-01,VK,9915452,25,39,M,1,473,0.732
DISPLAY,2016-12-01,MAILMAIN,1443767,18,32,M,1,155,0.753
IVIDEO,2017-08-01,GPMD,851502,18,32,M,1,59,0.556
DISPLAY,2016-03-01,VK,1295240,16,19,W,0,107,0.756
IVIDEO,2016-10-01,STS,500919,25,29,W,0,41,0.767
DISPLAY,2016-12-01,VK,2097889,18,26,W,0,41,0.464
IVIDEO,2016-05-01,GPMD,3038844,20,14,W,0,246,0.531
IVIDEO,2016-04-01,YOUTUBE,7347425,16,19,W,0,323,0.557
DISPLAY,2016-07-01,OK,7572025,20,24,W,1,289,0.587
DISPLAY,2017-09-01,VK,5369543,16,19,W,0,217,0.763
DISPLAY,2016-04-01,GDN,12973913,20,14,W,0,118,0.5
DISPLAY,2016-07-01,MAILDETI,948990,20,14,W,0,101,0.801
DISPLAY,2016-04-01,OK,31504924,25,20,W,0,1050,0.722
DISPLAY,2016-08-01,VK,5423986,18,26,P,0,262,0.86
DISPLAY,2016-11-01,MAILMAIN,4774598,20,24,W,1,369,0.7
DISPLAY,2016-05-01,VK,4403166,25,24,W,0,242,0.807
DISPLAY,2016-12-01,BABYBLOG,3822051,12,52,P,0,93,1.0
IVIDEO,2016-07-01,YOUTUBE,1074505,16,19,W,0,77,0.479
DISPLAY,2016-09-01,OK,9918859,16,19,W,0,235,0.682
DISPLAY,2016-05-01,OK,1703825,16,19,W,0,78,0.678
IVIDEO,2016-09-01,YOUTUBE,2205260,16,19,W,0,92,0.649
IVIDEO,2017-08-01,GPMD,9704228,20,14,W,0,64,0.162
IVIDEO,2017-09-01,GPMD,1057519,20,14,W,0,47,0.217
DISPLAY,2017-12-01,MAILPOST,4594874,20,14,W,0,193,0.791
DISPLAY,2018-02-01,MAILAUDIO,1136689,20,24,P,0,61,0.828
IVIDEO,2017-07-01,GPMD,2809484,16,19,W,0,169,0.775
IVIDEO,2016-10-01,GPMD,3808403,14,12,W,0,186,0.644
DISPLAY,2017-07-01,MAILPOST,18111028,16,19,W,0,632,0.811
DISPLAY,2017-07-01,VK,2484251,16,19,W,0,76,0.781
IVIDEO,2016-12-01,STS,2577141,25,29,W,0,216,0.559
DISPLAY,2016-12-01,RAMBLER,763859,20,24,W,1,55,0.385
IVIDEO,2016-05-01,IMHO,2077777,16,19,W,0,120,0.444
DISPLAY,2017-06-01,OK,26415944,16,28,W,1,439,0.619
DISPLAY,2016-10-01,MAILMYWORLD,3154940,20,15,W,1,126,0.733
IVIDEO,2017-06-01,GPMD,1863407,25,19,W,0,241,0.721
IVIDEO,2017-09-01,STS,784302,18,36,P,1,99,0.78
IVIDEO,2017-02-01,GPMD,4303244,20,14,W,0,183,0.448
DISPLAY,2016-10-01,MAILPOST,9609117,25,20,W,0,619,0.814
IVIDEO,2016-09-01,GPMD,1260591,20,34,W,1,170,0.714
DISPLAY,2016-04-01,MAILMAIN,4010959,18,17,P,1,649,0.777
DISPLAY,2016-01-01,MAILHEALTH,1252903,20,14,W,0,141,0.828
DISPLAY,2016-04-01,MAILPOST,20682729,20,24,W,0,1034,0.831
DISPLAY,2016-12-01,AFISHA,558435,18,26,P,1,44,0.672
DISPLAY,2016-03-01,MAILMAIN,5434987,25,15,W,1,574,0.673
DISPLAY,2016-04-01,VK,1108943,25,24,W,1,65,0.702
IVIDEO,2017-03-01,GPMD,1296442,25,29,W,0,149,0.595
IVIDEO,2016-12-01,STS,491023,20,34,W,1,42,0.756
IVIDEO,2016-04-01,GPMD,2416714,20,14,W,0,151,0.476
IVIDEO,2016-04-01,IMHO,2973693,18,32,M,1,188,0.571
IVIDEO,2017-10-01,GPMD,2128648,25,19,W,1,227,0.517
DISPLAY,2017-09-01,OK,11041900,16,28,W,1,287,0.63
IVIDEO,2016-10-01,GPMD,758342,25,19,W,0,136,0.749
IVIDEO,2016-12-01,STS,626009,16,19,W,0,56,0.831
IVIDEO,2016-06-01,IMHO,4515543,18,26,P,1,189,0.47
DISPLAY,2016-06-01,VK,1402871,25,20,W,0,83,0.783
DISPLAY,2017-12-01,VK,6518360,18,17,W,1,310,0.595
DISPLAY,2018-01-01,MAILPOST,2568382,18,46,P,0,351,0.995
DISPLAY,2017-11-01,VK,9719250,20,34,W,1,549,0.711
DISPLAY,2017-11-01,VK,813947,20,14,W,0,55,0.792
DISPLAY,2016-04-01,MAILHEALTH,1574308,25,20,W,1,172,0.713
DISPLAY,2016-08-01,MAILDETI,1004611,20,14,W,0,107,0.777
DISPLAY,2017-08-01,OK,9624835,16,19,W,0,202,0.68
IVIDEO,2017-08-01,GPMD,3427453,16,19,W,0,260,0.751
IVIDEO,2016-04-01,YOUTUBE,1181707,20,34,W,1,52,0.444
IVIDEO,2017-06-01,STS,707233,25,29,W,1,52,0.726
DISPLAY,2016-05-01,VK,5247354,18,6,M,0,132,0.697
DISPLAY,2016-10-01,MAILPOST,5311676,25,20,W,0,563,0.784
IVIDEO,2016-10-01,IMHO,2828152,18,32,M,1,167,0.56
DISPLAY,2016-09-01,MAILLADY,584490,20,14,W,0,61,0.858
DISPLAY,2016-02-01,OK,22739005,18,32,W,0,639,0.675
DISPLAY,2016-03-01,MAILLADY,1798296,20,15,W,1,140,0.752
DISPLAY,2016-12-01,BABYBLOG,284610,12,52,P,0,40,1.0
DISPLAY,2016-12-01,BABYBLOG,5790172,12,52,P,0,118,1.0
DISPLAY,2016-10-01,MAILPOST,16852328,16,24,W,1,708,0.741
IVIDEO,2017-02-01,IMHO,1227772,20,34,W,1,99,0.423
DISPLAY,2016-07-01,MAILPOST,11009227,25,20,W,0,827,0.811
IVIDEO,2016-07-01,IMHO,3440096,25,29,W,0,192,0.617
IVIDEO,2017-03-01,GPMD,813173,25,29,W,0,89,0.578
IVIDEO,2016-05-01,GPMD,891955,20,20,W,1,69,0.469
IVIDEO,2016-03-01,YOUTUBE,1710839,18,32,M,1,105,0.509
DISPLAY,2017-11-01,OK,1841889,20,14,W,0,62,0.759
DISPLAY,2016-05-01,MAILPOST,27398663,20,14,W,0,823,0.8
DISPLAY,2017-06-01,MAILPOST,4390310,16,19,W,0,306,0.763
IVIDEO,2017-07-01,OK,1142881,20,14,W,0,45,0.713
IVIDEO,2017-10-01,GPMD,742574,20,44,W,0,134,0.814
IVIDEO,2017-10-01,IMHO,43310114,25,19,P,1,1254,0.391
DISPLAY,2016-05-01,VK,1105495,20,20,W,1,93,0.702
DISPLAY,2017-01-01,BABYBLOG,4647607,12,52,P,0,174,1.0
IVIDEO,2017-01-01,GPMD,1942733,25,29,W,0,243,0.624
IVIDEO,2016-09-01,IMHO,1741923,20,20,W,1,77,0.379
DISPLAY,2016-04-01,MAILPOST,21119678,20,14,W,0,777,0.779
DISPLAY,2017-09-01,MAILPOST,4108600,16,19,W,0,283,0.774
IVIDEO,2016-10-01,IMHO,2272103,20,34,W,1,164,0.567
IVIDEO,2016-07-01,IMHO,2110463,20,14,W,0,89,0.535
DISPLAY,2016-06-01,VK,4071913,16,19,W,0,172,0.783
DISPLAY,2016-06-01,MAILDETI,9200749,20,20,W,1,350,0.365
DISPLAY,2016-09-01,MAILMAIN,7969531,16,29,P,0,784,0.925
IVIDEO,2016-09-01,IMHO,1195484,18,16,W,1,100,0.507
DISPLAY,2016-03-01,MAILPOST,30806538,20,34,W,1,1434,0.777
DISPLAY,2016-04-01,OK,3687588,18,32,M,1,158,0.586
DISPLAY,2016-03-01,VK,1296814,25,20,W,0,113,0.799
DISPLAY,2016-05-01,VK,5752473,20,14,W,0,284,0.751
IVIDEO,2017-03-01,GPMD,3902943,20,14,W,0,260,0.682
DISPLAY,2016-01-01,MAILPOST,16328693,20,14,W,0,796,0.792
IVIDEO,2017-04-01,GPMD,729218,14,10,W,0,48,0.7
IVIDEO,2017-01-01,GPMD,2590882,16,19,W,0,291,0.692
IVIDEO,2016-09-01,YOUTUBE,1156699,16,19,W,0,54,0.642
DISPLAY,2016-08-01,YOUTUBE,2846649,25,24,W,1,48,0.23
DISPLAY,2017-03-01,YOUTUBE,13109174,16,18,M,1,129,0.342
DISPLAY,2016-09-01,VK,660518,16,24,W,0,56,0.757
DISPLAY,2016-01-01,MAILPOST,7716780,18,6,M,0,187,0.704
IVIDEO,2016-11-01,GPMD,1643582,20,14,W,0,67,0.197
DISPLAY,2016-07-01,VK,4323452,16,8,M,0,117,0.735
DISPLAY,2016-01-01,OK,3160326,20,20,W,0,72,0.566
DISPLAY,2016-10-01,OK,21880453,20,15,W,1,256,0.58
IVIDEO,2016-05-01,YOUTUBE,1530777,18,32,M,1,124,0.599
DISPLAY,2016-05-01,OK,24794731,25,25,M,1,451,0.617
IVIDEO,2018-02-01,GPMD,1930633,18,32,M,1,211,0.601
IVIDEO,2017-06-01,GPMD,1518459,25,19,W,0,199,0.672
IVIDEO,2017-10-01,IMHO,2412813,25,39,W,1,176,0.707
IVIDEO,2017-05-01,GPMD,9903657,20,14,W,0,217,0.21
DISPLAY,2017-01-01,BABYBLOG,8672502,12,52,P,0,164,1.0
DISPLAY,2016-04-01,OK,2132782,20,14,W,0,105,0.684
DISPLAY,2017-02-01,VK,4714082,20,14,W,0,171,0.718
IVIDEO,2016-08-01,GPMD,1267262,20,34,W,1,118,0.666
IVIDEO,2017-02-01,STS,269210,25,19,W,1,43,0.721
IVIDEO,2017-02-01,IMHO,1295183,20,34,W,1,79,0.491
DISPLAY,2016-01-01,MAILLADY,364344,20,24,W,1,64,0.73
IVIDEO,2017-04-01,GPMD,914566,25,29,W,0,78,0.542
IVIDEO,2017-04-01,IMHO,3067426,16,19,W,0,142,0.546
DISPLAY,2016-03-01,VK,3379146,20,20,W,1,310,0.718
IVIDEO,2016-09-01,STS,343194,25,19,W,0,48,0.853
IVIDEO,2017-10-01,GPMD,4236495,20,14,W,0,83,0.142
IVIDEO,2016-04-01,GPMD,2861580,20,14,W,0,205,0.504
IVIDEO,2016-02-01,GPMD,685980,20,20,W,1,68,0.432
IVIDEO,2016-05-01,YOUTUBE,809507,18,26,P,1,66,0.597
IVIDEO,2016-09-01,GPMD,1187664,20,24,W,1,146,0.673
IVIDEO,2017-12-01,IMHO,16354286,25,19,P,1,179,0.296
DISPLAY,2017-12-01,VK,5306657,16,28,W,1,250,0.579
DISPLAY,2017-06-01,OK,11843848,16,19,W,0,232,0.717
DISPLAY,2017-07-01,MAILPOST,23404700,16,28,W,1,865,0.711
IVIDEO,2017-01-01,GPMD,2063738,18,26,W,1,218,0.617
IVIDEO,2016-12-01,GPMD,662153,18,26,W,1,76,0.663
DISPLAY,2016-04-01,MAILPOST,38397965,16,28,W,1,1260,0.739
IVIDEO,2016-10-01,IMHO,3304995,16,19,W,0,186,0.548
DISPLAY,2016-08-01,VK,3094956,25,20,W,0,114,0.827
DISPLAY,2016-07-01,MAILLADY,964218,20,14,W,0,88,0.879
IVIDEO,2016-06-01,YOUTUBE,1533141,20,34,W,1,54,0.258
IVIDEO,2016-07-01,IMHO,1966346,20,20,W,1,106,0.41
IVIDEO,2016-05-01,GPMD,2972523,16,19,M,1,216,0.662
DISPLAY,2016-04-01,GDN,23291531,25,24,W,1,186,0.551
IVIDEO,2017-04-01,GPMD,2950555,18,26,W,1,292,0.586
IVIDEO,2016-08-01,STS,754511,18,32,M,1,105,0.68
IVIDEO,2016-10-01,IMHO,1438758,25,19,W,0,95,0.351
IVIDEO,2017-08-01,IMHO,1204531,20,44,W,0,170,0.849
IVIDEO,2016-01-01,IMHO,1076105,20,14,W,0,75,0.425
IVIDEO,2016-10-01,IMHO,2647387,25,19,W,0,174,0.367
IVIDEO,2017-09-01,IMHO,1378728,25,19,W,0,108,0.303
IVIDEO,2018-02-01,GPMD,1830503,20,44,W,0,220,0.705
IVIDEO,2017-10-01,IMHO,3668465,20,14,W,0,66,0.243
IVIDEO,2017-11-01,IMHO,1191439,25,39,W,1,147,0.577
IVIDEO,2016-11-01,IMHO,2513236,25,19,W,1,98,0.362
IVIDEO,2016-10-01,IMHO,827107,20,14,W,0,40,0.388
IVIDEO,2016-06-01,GPMD,1355456,16,19,W,0,130,0.781
IVIDEO,2017-06-01,IMHO,366310,25,29,W,0,43,0.668
IVIDEO,2017-09-01,STS,923447,25,19,W,0,43,0.32
DISPLAY,2016-09-01,MAILLADY,3890443,18,26,P,1,298,0.816
DISPLAY,2016-08-01,VK,5937900,16,19,W,0,264,0.753
DISPLAY,2016-06-01,MAILPOST,6987085,20,20,W,0,451,0.483
IVIDEO,2016-04-01,YOUTUBE,2614322,18,16,W,0,65,0.538
IVIDEO,2016-10-01,GPMD,1299339,18,32,M,1,77,0.638
IVIDEO,2017-01-01,IMHO,1339992,20,14,W,0,53,0.589
IVIDEO,2017-01-01,IMHO,1017641,25,19,W,0,79,0.396
IVIDEO,2016-08-01,GPMD,1079437,20,24,W,0,121,0.709
IVIDEO,2016-08-01,IMHO,1116311,18,16,W,1,77,0.454
DISPLAY,2017-01-01,MAILPOST,37064180,18,32,M,1,1494,0.73
DISPLAY,2016-03-01,VK,530926,20,24,W,0,54,0.874
DISPLAY,2016-02-01,MAILPOST,20128787,25,15,W,1,911,0.725
IVIDEO,2016-10-01,GPMD,4151393,25,19,W,1,303,0.657
IVIDEO,2016-02-01,GPMD,309049,25,19,W,1,43,0.586
IVIDEO,2016-03-01,STS,704029,25,19,W,1,48,0.408
IVIDEO,2016-12-01,GPMD,1733651,20,34,W,1,113,0.544
IVIDEO,2016-03-01,IMHO,1488472,18,32,M,1,127,0.594
IVIDEO,2016-05-01,STS,1443025,18,26,P,1,72,0.483
IVIDEO,2017-04-01,STS,543923,16,19,W,0,60,0.793
IVIDEO,2017-01-01,IMHO,461188,25,29,W,0,48,0.515
IVIDEO,2018-02-01,IMHO,1081491,25,39,W,1,51,0.554
IVIDEO,2016-04-01,GPMD,750865,25,19,W,1,132,0.663
IVIDEO,2017-07-01,IMHO,2023666,25,19,W,0,116,0.265
IVIDEO,2017-10-01,IMHO,2751395,20,44,W,0,257,0.836
IVIDEO,2017-02-01,GPMD,1240144,25,19,W,1,97,0.605
IVIDEO,2017-06-01,IMHO,2351694,16,19,M,1,148,0.483
IVIDEO,2016-02-01,YOUTUBE,3129406,20,14,W,0,122,0.406
DISPLAY,2016-06-01,SPORTEXPRESS,5905146,20,25,M,1,75,0.361
DISPLAY,2017-06-01,MAILPOST,33795072,16,28,W,1,1074,0.69
DISPLAY,2016-10-01,MAILPOST,24351437,18,32,M,1,1070,0.728
DISPLAY,2017-03-01,VK,11469767,20,20,W,0,292,0.424
DISPLAY,2016-09-01,MAILPOST,10438752,25,20,W,0,778,0.79
IVIDEO,2016-09-01,GPMD,879604,18,26,P,1,54,0.538
DISPLAY,2016-07-01,MAILMAIN,2897176,20,14,W,0,307,0.803
DISPLAY,2016-06-01,VK,1382975,20,20,W,1,63,0.844
IVIDEO,2016-04-01,YOUTUBE,1381872,18,26,W,1,50,0.478
IVIDEO,2016-09-01,YOUTUBE,1025105,20,34,W,1,63,0.596
DISPLAY,2016-01-01,MAILPOST,9576598,25,19,W,1,792,0.703
DISPLAY,2016-10-01,MAILLADY,2433135,25,20,W,1,193,0.786
DISPLAY,2016-02-01,OK,2133777,20,14,W,0,114,0.708
IVIDEO,2017-06-01,GPMD,1810998,16,24,M,0,98,0.757
IVIDEO,2017-09-01,GPMD,2284485,25,19,W,0,185,0.745
IVIDEO,2016-12-01,IMHO,863720,25,29,W,0,90,0.536
DISPLAY,2018-02-01,VK,688080,20,14,W,0,55,0.845
DISPLAY,2016-09-01,MAILPOST,24601867,16,29,P,0,1580,0.92
DISPLAY,2017-08-01,MAILPOST,594276,25,24,W,1,110,0.777
IVIDEO,2017-03-01,IMHO,1263201,20,34,W,1,72,0.397
IVIDEO,2016-03-01,IMHO,558683,25,19,W,1,41,0.535
DISPLAY,2017-07-01,MAILMAIN,917417,16,28,W,1,90,0.732
IVIDEO,2016-09-01,STS,629189,16,19,W,0,70,0.798
IVIDEO,2017-10-01,GPMD,1569729,25,19,W,0,166,0.586
DISPLAY,2017-05-01,VK,3797321,16,18,M,0,155,0.742
DISPLAY,2017-06-01,MATCHTV,4065583,18,32,M,1,92,0.492
DISPLAY,2017-03-01,MAILPOST,11059505,16,19,W,0,548,0.806
DISPLAY,2016-04-01,VK,2492321,20,20,W,1,91,0.693
DISPLAY,2016-06-01,VK,5248309,16,18,M,1,173,0.664
IVIDEO,2016-11-01,STS,636374,25,19,W,0,62,0.779
DISPLAY,2017-05-01,MAILMAIN,3116967,16,28,W,1,298,0.675
IVIDEO,2016-11-01,IMHO,1122500,25,29,W,0,104,0.688
IVIDEO,2016-07-01,YOUTUBE,1318706,16,19,W,0,88,0.614
IVIDEO,2016-08-01,IMHO,550115,25,19,W,0,68,0.65
IVIDEO,2017-05-01,GPMD,1321964,20,34,W,1,165,0.692
IVIDEO,2016-04-01,STS,970405,25,19,W,1,43,0.362
IVIDEO,2016-04-01,STS,2195046,25,19,W,1,60,0.246
DISPLAY,2016-03-01,OK,3482276,16,28,W,1,169,0.564
IVIDEO,2016-08-01,YOUTUBE,2550758,16,19,W,0,81,0.618
IVIDEO,2016-05-01,GPMD,325052,25,29,W,0,55,0.87
IVIDEO,2016-08-01,IMHO,1422618,16,19,W,0,93,0.538
IVIDEO,2017-01-01,GPMD,2084138,18,26,P,1,50,0.43
IVIDEO,2017-08-01,IMHO,1243756,18,16,W,1,49,0.336
IVIDEO,2016-09-01,IMHO,415313,25,29,W,0,44,0.601
DISPLAY,2016-05-01,MAILMAIN,946027,25,25,M,1,180,0.76
IVIDEO,2017-11-01,IMHO,4254036,13,11,M,0,56,0.13
DISPLAY,2017-12-01,MAILAUDIO,2131820,20,24,P,0,50,0.956
DISPLAY,2017-11-01,VK,1632015,16,18,M,0,73,0.794
IVIDEO,2017-11-01,IMHO,10483086,20,14,W,0,179,0.227
DISPLAY,2017-10-01,VK,9550707,16,19,W,0,352,0.793
IVIDEO,2017-10-01,GPMD,780960,25,29,W,1,43,0.45
IVIDEO,2016-07-01,IMHO,1280945,25,29,W,1,76,0.53
DISPLAY,2017-07-01,MAILPOST,2998887,13,11,M,0,74,0.416
IVIDEO,2016-09-01,STS,749091,16,19,W,0,46,0.869
DISPLAY,2016-07-01,OK,9900592,16,19,W,0,248,0.745
DISPLAY,2017-03-01,VK,3997943,16,19,W,0,139,0.776
DISPLAY,2017-01-01,BABYBLOG,2354456,12,52,P,0,112,1.0
IVIDEO,2016-08-01,GPMD,917717,25,29,W,0,123,0.788
DISPLAY,2016-08-01,VK,3115538,20,14,W,0,178,0.735
DISPLAY,2016-08-01,GDN,71181551,20,20,W,0,812,0.541
DISPLAY,2017-02-01,VK,5120099,14,10,W,0,52,0.707
DISPLAY,2016-08-01,VK,2772758,17,7,W,0,109,0.731
DISPLAY,2016-08-01,MAILPOST,13382038,25,29,W,1,900,0.749
DISPLAY,2016-03-01,VK,5003672,20,14,W,0,284,0.756
IVIDEO,2017-03-01,STS,394422,20,14,W,0,51,0.899
IVIDEO,2017-04-01,GPMD,1505342,25,29,W,0,174,0.629
IVIDEO,2016-01-01,GPMD,1468615,16,19,W,0,112,0.592
IVIDEO,2016-05-01,YOUTUBE,1093047,25,19,W,1,104,0.47
DISPLAY,2016-01-01,MAILMAIN,2567015,25,19,W,1,394,0.657
IVIDEO,2016-09-01,GPMD,1273647,18,32,M,1,144,0.656
DISPLAY,2016-03-01,OK,5264312,25,20,W,0,290,0.631
IVIDEO,2017-05-01,STS,454536,25,19,W,0,47,0.782
IVIDEO,2016-06-01,GPMD,330046,20,34,W,1,46,0.782
IVIDEO,2016-05-01,GPMD,1246042,20,14,W,0,88,0.637
DISPLAY,2016-02-01,MAILPOST,668956,20,20,W,0,48,0.888
DISPLAY,2017-12-01,OK,5853867,16,28,W,1,161,0.541
DISPLAY,2017-12-01,VK,721107,20,24,W,1,56,0.639
DISPLAY,2016-06-01,VK,2403179,16,24,W,0,244,0.776
IVIDEO,2018-02-01,OK,4371574,20,14,W,0,80,0.749
DISPLAY,2016-10-01,OK,1997784,25,20,W,1,90,0.572
IVIDEO,2017-07-01,GPMD,3345268,18,32,M,1,195,0.548
IVIDEO,2017-07-01,OK,690670,25,19,W,0,67,0.736
DISPLAY,2017-07-01,OK,10144838,16,19,W,0,209,0.734
IVIDEO,2016-09-01,GPMD,1627410,18,27,P,1,110,0.515
DISPLAY,2016-03-01,VK,703490,16,29,P,0,83,0.871
IVIDEO,2016-12-01,GPMD,3593241,18,26,P,1,210,0.391
IVIDEO,2017-06-01,GPMD,1616790,18,32,M,1,111,0.518
DISPLAY,2017-09-01,OK,694662,12,52,P,0,59,1.0
DISPLAY,2016-10-01,MAILMAIN,1937492,18,32,M,1,214,0.763
IVIDEO,2016-05-01,YOUTUBE,1400201,18,16,W,0,49,0.646
DISPLAY,2016-02-01,MAILMAIN,8603646,25,19,W,1,722,0.724
DISPLAY,2017-01-01,MAILPOST,13690947,18,26,P,1,2084,0.786
DISPLAY,2016-08-01,VK,4121418,16,19,W,0,170,0.769
DISPLAY,2016-02-01,MAILLADY,1891505,25,30,P,1,298,0.862
IVIDEO,2017-03-01,GPMD,3158216,25,29,W,0,326,0.592
IVIDEO,2016-09-01,YOUTUBE,827536,13,11,M,0,69,0.679
DISPLAY,2016-05-01,MAILPOST,13865065,16,14,W,1,494,0.68
DISPLAY,2016-03-01,VK,446348,25,24,W,1,54,0.819
IVIDEO,2017-05-01,GPMD,1414903,16,24,M,0,97,0.684
IVIDEO,2016-08-01,GPMD,854010,16,19,W,0,100,0.738
DISPLAY,2017-02-01,OK,7077087,18,26,W,1,305,0.629
DISPLAY,2016-08-01,MAILPOST,17503173,16,19,W,0,723,0.832
DISPLAY,2016-09-01,MAILPOST,23140693,20,15,W,1,669,0.709
IVIDEO,2016-02-01,GPMD,807153,20,20,W,1,83,0.489
DISPLAY,2016-07-01,GDN,10836716,20,20,W,1,66,0.47
IVIDEO,2017-10-01,IMHO,5120623,18,32,M,1,270,0.472
DISPLAY,2016-10-01,MAILMYWORLD,1949943,25,20,W,1,116,0.742
DISPLAY,2016-10-01,MAILHEALTH,2735640,25,20,W,1,236,0.709
IVIDEO,2016-08-01,IMHO,2078994,18,26,P,1,113,0.494
IVIDEO,2016-04-01,YOUTUBE,430387,18,17,P,1,42,0.645
IVIDEO,2016-11-01,IMHO,4527891,16,19,W,0,210,0.457
DISPLAY,2016-05-01,GDN,17443662,20,14,W,0,129,0.5
IVIDEO,2018-02-01,GPMD,339522,20,44,W,0,57,0.684
DISPLAY,2016-04-01,MAILPOST,27646923,15,20,W,0,915,0.79
IVIDEO,2017-11-01,IMHO,4968059,25,19,W,0,356,0.392
IVIDEO,2017-09-01,IMHO,4069503,25,29,W,1,226,0.411
IVIDEO,2017-04-01,IMHO,2970559,25,19,W,1,204,0.454
DISPLAY,2017-08-01,MAILMAIN,311152,25,24,W,1,55,0.731
DISPLAY,2017-08-01,MAILPOST,3028926,13,11,M,0,65,0.34
DISPLAY,2016-02-01,GDN,8595219,20,14,W,0,82,0.456
IVIDEO,2016-11-01,GPMD,11740513,25,19,P,1,347,0.339
IVIDEO,2016-06-01,GPMD,1930478,16,19,W,0,128,0.651
IVIDEO,2016-04-01,GPMD,1719195,25,19,W,1,176,0.666
IVIDEO,2016-02-01,IMHO,1099778,20,14,W,0,55,0.361
IVIDEO,2018-01-01,IMHO,2986065,25,19,W,1,140,0.215
DISPLAY,2016-04-01,MAILMAIN,5421172,18,26,P,1,956,0.818
IVIDEO,2017-03-01,GPMD,1380142,20,34,W,1,86,0.612
IVIDEO,2017-09-01,IMHO,3433312,25,19,P,1,64,0.353
DISPLAY,2017-02-01,RAMBLER,331134,18,26,P,1,43,0.596
DISPLAY,2016-08-01,OK,15116755,16,24,W,1,320,0.466
IVIDEO,2017-02-01,IMHO,638936,25,29,W,0,82,0.543
IVIDEO,2017-03-01,GPMD,2532644,18,26,P,1,98,0.349
IVIDEO,2017-08-01,GPMD,2809484,16,19,W,0,274,0.75
DISPLAY,2017-05-01,VK,4817393,16,24,W,0,273,0.821
DISPLAY,2016-09-01,MAILMYWORLD,3159098,20,15,W,1,113,0.643
IVIDEO,2016-07-01,IMHO,1239065,16,19,W,0,73,0.607
IVIDEO,2016-08-01,YOUTUBE,711793,20,24,W,0,43,0.57
DISPLAY,2016-06-01,VK,3849201,18,6,M,0,97,0.637
IVIDEO,2016-08-01,YOUTUBE,1348014,16,19,W,0,52,0.571
IVIDEO,2017-03-01,IMHO,2213073,20,14,W,0,102,0.572
DISPLAY,2016-03-01,YOUTUBE,17431761,20,20,W,1,127,0.184
DISPLAY,2016-03-01,OK,5382850,20,20,W,1,208,0.544
IVIDEO,2016-08-01,GPMD,1061418,16,19,W,0,102,0.585
DISPLAY,2016-05-01,OK,3688247,18,32,M,1,157,0.689
DISPLAY,2017-09-01,OK,695021,12,52,P,0,98,1.0
IVIDEO,2018-01-01,GPMD,4245513,20,14,W,0,72,0.162
IVIDEO,2017-02-01,STS,344123,25,19,P,1,50,0.789
IVIDEO,2016-03-01,GPMD,385215,20,20,W,1,54,0.532
IVIDEO,2017-06-01,STS,574350,18,32,M,1,51,0.872
IVIDEO,2016-03-01,STS,677046,25,19,W,1,59,0.405
DISPLAY,2016-04-01,OK,1835908,20,24,W,0,100,0.697
DISPLAY,2016-02-01,MAILPOST,7951245,18,6,M,0,176,0.693
DISPLAY,2017-09-01,MAILPOST,693328,12,52,P,0,140,1.0
IVIDEO,2016-12-01,STS,563009,20,34,W,1,43,0.793
DISPLAY,2016-11-01,MAILPOST,10216093,20,24,W,1,602,0.778
IVIDEO,2017-02-01,GPMD,923724,18,32,M,1,98,0.554
DISPLAY,2016-10-01,VK,1276132,20,14,W,0,87,0.819
IVIDEO,2016-09-01,GPMD,1303438,18,16,W,1,150,0.682
IVIDEO,2016-11-01,GPMD,1322932,25,19,W,0,182,0.793
IVIDEO,2016-08-01,GPMD,507577,25,24,W,0,55,0.497
DISPLAY,2017-01-01,MAILPOST,786155,18,26,W,0,218,0.876
IVIDEO,2017-05-01,GPMD,1498515,25,19,W,0,204,0.71
IVIDEO,2017-02-01,GPMD,2747029,25,29,W,0,196,0.619
DISPLAY,2016-09-01,MAILPOST,31527846,25,20,W,1,985,0.723
IVIDEO,2017-10-01,IMHO,1169245,25,19,W,1,106,0.397
IVIDEO,2016-05-01,IMHO,2205885,20,14,W,0,102,0.313
IVIDEO,2017-01-01,IMHO,3337746,20,14,W,0,186,0.516
IVIDEO,2016-08-01,STS,292872,25,24,W,0,56,0.714
DISPLAY,2017-10-01,OK,4521214,16,19,W,0,109,0.659
DISPLAY,2016-12-01,RAMBLER,2561217,25,25,M,1,139,0.591
DISPLAY,2016-02-01,MAILPOST,20689421,25,19,W,1,948,0.709
IVIDEO,2017-10-01,GPMD,1225791,25,19,W,1,114,0.555
IVIDEO,2016-08-01,GPMD,702106,20,20,W,1,80,0.572
DISPLAY,2016-08-01,VK,3117916,20,14,W,0,180,0.711
DISPLAY,2017-09-01,MAILPOST,694899,12,52,P,0,160,1.0
IVIDEO,2017-09-01,GPMD,997403,25,19,W,1,45,0.356
DISPLAY,2016-11-01,VK,1656605,25,20,W,0,46,0.679
DISPLAY,2016-12-01,MAILPOST,26679643,18,26,P,1,2002,0.815
DISPLAY,2016-01-01,OK,8494556,20,14,W,0,284,0.667
IVIDEO,2017-08-01,GPMD,872810,20,44,W,0,148,0.786
IVIDEO,2016-06-01,GPMD,778933,18,26,P,1,50,0.356
DISPLAY,2017-01-01,MAILMAIN,6215677,18,32,M,1,502,0.73
DISPLAY,2017-05-01,VK,2073478,18,6,M,0,81,0.678
IVIDEO,2016-03-01,GPMD,1453967,20,14,W,0,104,0.376
IVIDEO,2017-02-01,IMHO,1851453,20,14,W,0,67,0.422
IVIDEO,2017-02-01,IMHO,3724705,16,19,W,0,180,0.511
IVIDEO,2017-01-01,GPMD,1865019,25,19,W,1,237,0.608
DISPLAY,2016-12-01,VK,8732725,15,20,W,0,232,0.723
IVIDEO,2017-02-01,GPMD,1980626,18,26,P,1,96,0.355
DISPLAY,2016-04-01,OK,28859376,20,24,W,0,642,0.676
IVIDEO,2016-08-01,IMHO,1357114,25,29,W,0,112,0.519
IVIDEO,2018-02-01,IMHO,3310240,25,39,W,1,88,0.528
DISPLAY,2016-11-01,MAILPOST,660821,25,20,W,0,106,0.772
IVIDEO,2018-02-01,IMHO,1983845,25,39,W,1,42,0.53
DISPLAY,2016-07-01,VK,3758828,16,19,W,0,172,0.766
IVIDEO,2016-09-01,IMHO,358567,25,39,W,0,49,0.778
DISPLAY,2016-12-01,RAMBLER,3161367,25,25,M,1,198,0.565
IVIDEO,2017-10-01,GPMD,1917954,25,19,W,0,262,0.62
IVIDEO,2017-04-01,GPMD,1211660,20,34,W,1,147,0.585
IVIDEO,2017-09-01,GPMD,1651243,25,19,W,1,151,0.567
IVIDEO,2016-07-01,YOUTUBE,1679261,16,19,W,0,70,0.647
IVIDEO,2016-08-01,STS,560519,16,19,W,0,42,0.919
DISPLAY,2016-07-01,OK,11492175,20,14,W,0,263,0.743
IVIDEO,2016-07-01,GPMD,2206614,25,29,W,0,256,0.678
DISPLAY,2016-05-01,VK,1043403,25,20,W,0,85,0.783
IVIDEO,2016-12-01,GPMD,438676,16,18,W,0,51,0.807
DISPLAY,2016-01-01,RAMBLER,2422285,18,26,P,1,148,0.624
DISPLAY,2016-06-01,MAILPOST,44662267,24,25,W,0,1381,0.824
IVIDEO,2017-02-01,GPMD,5818951,16,19,W,0,392,0.628
DISPLAY,2016-08-01,VK,5646277,16,24,W,0,260,0.774
IVIDEO,2016-09-01,YOUTUBE,691645,25,19,W,0,59,0.571
IVIDEO,2016-04-01,STS,821195,25,29,W,1,40,0.456
IVIDEO,2016-06-01,IMHO,1935328,16,19,W,0,108,0.509
IVIDEO,2016-11-01,GPMD,2677309,16,19,W,0,217,0.646
DISPLAY,2016-03-01,GDN,18757954,25,20,W,0,395,0.535
DISPLAY,2016-03-01,VK,862686,25,20,W,0,88,0.84
IVIDEO,2017-02-01,IMHO,1288351,20,34,W,1,83,0.481
DISPLAY,2017-02-01,MAILMAIN,2539115,18,26,W,1,532,0.677
IVIDEO,2017-03-01,GPMD,9636359,18,32,M,1,510,0.571
IVIDEO,2016-07-01,GPMD,843457,18,26,P,1,53,0.494
IVIDEO,2016-06-01,YOUTUBE,2028106,20,14,W,0,91,0.399
DISPLAY,2016-03-01,VK,2468531,16,34,M,0,230,0.737
DISPLAY,2016-10-01,MAILPOST,25582611,25,20,W,1,855,0.737
IVIDEO,2016-01-01,GPMD,1722555,25,19,W,1,210,0.617
DISPLAY,2016-05-01,MAILPOST,31527704,25,25,M,1,1173,0.749
DISPLAY,2017-12-01,OK,1835952,20,14,W,0,67,0.756
IVIDEO,2016-10-01,GPMD,756526,25,19,W,0,79,0.732
IVIDEO,2017-08-01,IMHO,1516638,25,39,W,1,144,0.69
IVIDEO,2016-12-01,IMHO,1665386,20,14,W,0,100,0.505
IVIDEO,2017-10-01,GPMD,2109320,25,19,W,1,221,0.566
IVIDEO,2016-03-01,IMHO,1100676,20,14,W,0,69,0.488
IVIDEO,2017-10-01,IMHO,4345342,18,36,P,1,215,0.549
IVIDEO,2016-12-01,STS,506338,25,29,W,0,51,0.783
IVIDEO,2016-12-01,IMHO,1743432,25,19,W,0,106,0.342
IVIDEO,2017-06-01,GPMD,2124426,18,6,M,0,86,0.606
IVIDEO,2017-04-01,IMHO,2397163,25,19,W,0,140,0.409
DISPLAY,2016-10-01,MAILPOST,12550926,25,20,W,0,824,0.83
DISPLAY,2016-04-01,MAILPOST,7787845,18,6,M,0,177,0.683
IVIDEO,2017-04-01,STS,435666,16,19,W,0,55,0.833
IVIDEO,2016-12-01,STS,703971,16,19,W,0,67,0.795
IVIDEO,2016-12-01,GPMD,3350989,16,19,W,0,337,0.737
DISPLAY,2016-02-01,MAILHEALTH,2847700,25,30,P,1,451,0.823
DISPLAY,2016-12-01,RAMBLER,729475,20,24,W,1,43,0.582
DISPLAY,2016-02-01,OK,5969039,15,20,W,0,211,0.72
IVIDEO,2016-05-01,YOUTUBE,1077962,16,19,W,0,90,0.629
DISPLAY,2016-03-01,OK,5969409,15,20,W,0,190,0.729
DISPLAY,2017-09-01,MAILMAIN,2101661,16,28,W,1,152,0.628
IVIDEO,2016-04-01,GPMD,1746455,16,19,W,0,207,0.75
IVIDEO,2016-08-01,STS,1959883,18,26,P,1,114,0.522
DISPLAY,2017-10-01,OK,2106771,20,14,W,0,62,0.726
IVIDEO,2017-05-01,GPMD,4701631,16,8,W,0,172,0.507
IVIDEO,2017-10-01,IMHO,4204356,20,44,W,0,255,0.845
IVIDEO,2016-11-01,IMHO,3881555,18,26,W,1,199,0.445
IVIDEO,2017-05-01,GPMD,5768022,18,32,M,1,480,0.581
IVIDEO,2016-06-01,GPMD,1394303,16,19,M,1,158,0.713
DISPLAY,2016-02-01,VK,3491674,20,20,W,1,322,0.713
IVIDEO,2016-11-01,IMHO,1108400,20,34,W,1,87,0.535
DISPLAY,2016-05-01,MAILPOST,35566656,24,25,W,0,1258,0.831
DISPLAY,2016-01-01,OK,22496869,18,32,W,0,641,0.646
IVIDEO,2017-07-01,IMHO,2499953,16,24,M,0,155,0.433
DISPLAY,2016-02-01,VK,1310513,20,14,W,0,168,0.738
IVIDEO,2017-05-01,IMHO,1654209,25,29,W,1,80,0.451
IVIDEO,2016-01-01,GPMD,1149566,25,19,W,1,137,0.6
IVIDEO,2016-07-01,GPMD,1886088,20,34,W,1,124,0.633
IVIDEO,2017-05-01,IMHO,4054520,16,19,W,0,121,0.514
DISPLAY,2016-03-01,MAILHEALTH,1416176,25,30,P,1,216,0.85
DISPLAY,2016-09-01,MAILMYWORLD,2691501,25,20,W,0,180,0.738
DISPLAY,2016-10-01,VK,4787274,16,24,W,0,212,0.772
DISPLAY,2016-02-01,MAILANSWERS,4029360,18,32,M,1,87,0.165
DISPLAY,2016-06-01,VK,1244682,20,24,W,0,99,0.83
DISPLAY,2018-02-01,VK,8485082,16,28,W,1,333,0.614
IVIDEO,2017-11-01,IMHO,2144745,18,36,P,1,75,0.563
DISPLAY,2016-07-01,VK,3746657,13,11,M,1,63,0.596
IVIDEO,2017-08-01,GPMD,1936280,16,19,W,0,79,0.736
IVIDEO,2017-07-01,IMHO,1165359,18,32,M,1,57,0.55
IVIDEO,2017-07-01,GPMD,3427453,16,19,W,0,149,0.732
DISPLAY,2017-03-01,GDN,14731414,16,19,W,0,366,0.663
IVIDEO,2016-08-01,STS,382878,20,20,W,1,46,0.585
DISPLAY,2017-09-01,OK,2029036,16,19,W,0,76,0.606
IVIDEO,2016-09-01,IMHO,1858937,20,34,W,1,133,0.601
DISPLAY,2016-09-01,VK,4596484,16,19,W,0,162,0.749
DISPLAY,2016-03-01,MAILPOST,42420665,20,15,W,1,960,0.722
IVIDEO,2016-06-01,IMHO,4304327,18,26,P,1,152,0.457
DISPLAY,2016-05-01,GDN,4685703,25,20,W,0,77,0.515
DISPLAY,2016-07-01,VK,3723671,25,20,W,0,124,0.843
IVIDEO,2017-03-01,IMHO,1298431,25,19,P,1,51,0.381
DISPLAY,2016-02-01,VK,2295838,16,18,M,1,144,0.595
DISPLAY,2016-02-01,MAILMAIN,8190368,25,15,W,1,657,0.679
IVIDEO,2017-02-01,GPMD,1086303,25,24,W,0,103,0.569
DISPLAY,2016-03-01,MAILPOST,33789704,20,24,W,0,1300,0.83
IVIDEO,2017-09-01,IMHO,2043510,13,11,M,0,64,0.34
IVIDEO,2016-04-01,IMHO,694677,16,19,W,0,71,0.468
IVIDEO,2016-01-01,GPMD,1512776,25,19,W,1,224,0.677
DISPLAY,2016-05-01,VK,5563754,16,19,W,0,203,0.794
DISPLAY,2016-07-01,VK,6138662,16,19,W,0,283,0.779
IVIDEO,2016-01-01,GPMD,2429527,20,14,W,0,234,0.518
IVIDEO,2016-01-01,GPMD,1435426,20,14,W,0,86,0.53
DISPLAY,2017-12-01,MAILAUDIO,3040805,20,24,W,1,45,0.638
DISPLAY,2016-08-01,OK,24803472,25,20,W,1,492,0.545
DISPLAY,2018-01-01,VK,820947,18,46,W,0,99,0.753
DISPLAY,2017-12-01,MAILPOST,2071317,18,46,P,0,311,0.998
IVIDEO,2017-09-01,STS,959097,25,29,W,1,46,0.416
DISPLAY,2016-07-01,OK,16813756,25,25,M,1,348,0.661
IVIDEO,2016-11-01,GPMD,1169892,25,29,W,0,65,0.613
DISPLAY,2017-08-01,VK,2410860,16,19,W,0,69,0.813
DISPLAY,2016-08-01,OK,57705632,25,20,W,0,831,0.678
DISPLAY,2016-05-01,MAILPOST,8074603,18,6,M,0,171,0.659
DISPLAY,2017-09-01,MAILPOST,693858,12,52,P,0,170,1.0
IVIDEO,2016-07-01,GPMD,586791,25,29,W,1,67,0.565
DISPLAY,2016-01-01,MAILMYWORLD,2455178,16,19,W,0,114,0.743
IVIDEO,2016-10-01,GPMD,930125,18,16,W,1,100,0.649
DISPLAY,2016-06-01,MAILPOST,35208240,16,19,W,0,986,0.785
DISPLAY,2016-01-01,MAILLADY,1222599,18,26,P,1,66,0.289
DISPLAY,2016-06-01,OK,24772903,25,25,M,1,439,0.643
DISPLAY,2016-08-01,VK,4311749,16,19,W,0,179,0.726
IVIDEO,2016-12-01,IMHO,967863,18,32,M,1,41,0.442
DISPLAY,2016-03-01,GDN,1827072,25,20,W,0,94,0.655
IVIDEO,2017-04-01,IMHO,1437301,20,34,W,1,89,0.393
DISPLAY,2016-05-01,MAILLADY,13351680,25,20,W,0,936,0.821
IVIDEO,2017-04-01,IMHO,2734208,16,19,W,0,121,0.467
IVIDEO,2016-02-01,IMHO,351489,16,19,W,0,42,0.62
DISPLAY,2016-03-01,MAILLADY,1888827,25,30,P,1,270,0.865
IVIDEO,2016-11-01,STS,495556,25,19,P,1,73,0.775
IVIDEO,2017-05-01,GPMD,4338884,20,14,W,0,99,0.202
DISPLAY,2017-05-01,MATCHTV,1549214,18,32,M,1,66,0.558
DISPLAY,2016-11-01,BABYBLOG,1108385,12,52,P,0,58,1.0
DISPLAY,2017-01-01,VK,6545617,20,14,W,0,180,0.628
IVIDEO,2016-01-01,GPMD,1884999,20,14,W,0,145,0.426
IVIDEO,2016-09-01,IMHO,2202182,16,19,W,0,124,0.548
DISPLAY,2017-12-01,VK,1101802,20,14,W,0,97,0.747
IVIDEO,2016-05-01,GPMD,552036,25,29,W,1,53,0.756
IVIDEO,2018-01-01,IMHO,3784907,25,39,W,1,167,0.428
IVIDEO,2017-10-01,IMHO,2219300,20,44,W,0,197,0.809
IVIDEO,2017-10-01,IMHO,3346897,16,8,W,0,59,0.2
IVIDEO,2016-04-01,GPMD,970147,16,19,W,0,108,0.676
IVIDEO,2016-03-01,GPMD,475294,25,19,W,1,58,0.637
IVIDEO,2017-06-01,IMHO,713872,20,34,W,1,45,0.618
IVIDEO,2016-11-01,GPMD,2542763,18,32,M,1,144,0.673
IVIDEO,2016-09-01,GPMD,360180,25,24,W,0,63,0.715
IVIDEO,2017-03-01,GPMD,1079925,25,19,W,1,81,0.56
DISPLAY,2017-03-01,MAILMAIN,1002846,16,19,W,0,100,0.768
IVIDEO,2016-04-01,YOUTUBE,1833697,20,34,W,1,98,0.393
DISPLAY,2017-09-01,OK,694590,12,52,P,0,95,1.0
DISPLAY,2016-07-01,GDN,64110695,20,20,W,0,792,0.614
IVIDEO,2016-12-01,GPMD,3288298,25,19,W,1,225,0.7
DISPLAY,2016-01-01,MAILLADY,455065,25,15,W,1,70,0.657
IVIDEO,2016-04-01,GPMD,988341,18,26,P,1,85,0.472
DISPLAY,2016-03-01,MAILHEALTH,2067495,20,15,W,1,186,0.674
DISPLAY,2016-02-01,MAILMAIN,3360608,18,26,P,1,639,0.865
DISPLAY,2016-12-01,BABYBLOG,3539980,12,52,P,0,81,1.0
IVIDEO,2016-09-01,IMHO,1914529,25,29,W,0,163,0.571
DISPLAY,2017-04-01,MATCHTV,2507789,18,32,M,1,82,0.548
DISPLAY,2016-05-01,MAILPOST,34892254,20,24,W,0,1285,0.824
DISPLAY,2016-10-01,MAILDETI,862207,20,14,W,0,63,0.41
IVIDEO,2016-01-01,GPMD,934036,25,19,W,1,158,0.731
IVIDEO,2016-07-01,IMHO,2722012,20,34,W,1,170,0.498
DISPLAY,2016-07-01,GDN,5459866,25,20,W,0,145,0.472
DISPLAY,2016-09-01,OK,3976354,25,20,W,1,152,0.571
DISPLAY,2016-01-01,OK,15923487,25,19,W,1,394,0.498
IVIDEO,2016-08-01,GPMD,2647538,18,26,P,1,169,0.463
DISPLAY,2016-07-01,VK,4465802,20,20,W,0,258,0.724
DISPLAY,2017-10-01,VK,9108853,20,34,W,1,434,0.698
DISPLAY,2016-09-01,THEVILLAGE,383512,18,26,P,1,55,0.801
IVIDEO,2017-09-01,GPMD,1337761,20,14,W,0,48,0.222
IVIDEO,2016-05-01,IMHO,853133,25,29,W,1,60,0.589
DISPLAY,2016-06-01,YOUTUBE,1026872,18,26,P,1,76,0.628
DISPLAY,2017-10-01,MAILPOST,3222466,20,24,W,1,127,0.769
IVIDEO,2017-09-01,GPMD,1788108,16,8,W,0,64,0.464
IVIDEO,2017-10-01,GPMD,1224985,25,19,W,0,130,0.645
IVIDEO,2016-09-01,GPMD,2266071,16,19,W,0,281,0.763
IVIDEO,2017-10-01,IMHO,970717,25,19,W,1,54,0.269
DISPLAY,2016-12-01,MAILMP,31078465,25,25,M,1,1037,0.744
IVIDEO,2016-11-01,IMHO,3925590,18,32,M,1,222,0.549
IVIDEO,2016-02-01,YOUTUBE,4382590,20,14,W,0,117,0.502
IVIDEO,2017-09-01,GPMD,984196,18,6,M,0,63,0.615
DISPLAY,2016-04-01,MAILPOST,4199210,20,24,W,0,449,0.768
IVIDEO,2017-02-01,STS,1364830,25,29,W,0,152,0.632
DISPLAY,2016-07-01,GDN,15045854,25,20,W,0,374,0.468
IVIDEO,2016-10-01,GPMD,732916,25,24,W,0,79,0.602
DISPLAY,2016-04-01,VK,4650277,16,19,W,0,193,0.756
DISPLAY,2016-06-01,VK,5270418,16,34,M,0,259,0.8
IVIDEO,2016-06-01,GPMD,1976525,20,20,W,1,143,0.486
IVIDEO,2016-06-01,IMHO,1720960,20,20,W,1,95,0.448
DISPLAY,2016-12-01,MAILPOST,20559025,25,20,W,0,807,0.775
DISPLAY,2016-03-01,MAILMAIN,8418392,20,14,W,0,673,0.78
IVIDEO,2016-04-01,GPMD,796997,25,29,W,0,119,0.696
DISPLAY,2017-08-01,OK,28504286,16,28,W,1,427,0.617
DISPLAY,2017-08-01,MAILMAIN,5464895,16,28,W,1,345,0.688
IVIDEO,2016-12-01,STS,419513,25,19,W,0,71,0.812
IVIDEO,2016-08-01,STS,422242,20,24,W,0,49,0.711
IVIDEO,2017-02-01,IMHO,1602675,25,29,W,0,125,0.522
IVIDEO,2017-03-01,STS,328450,25,19,W,1,45,0.635
DISPLAY,2017-02-01,MAILPOST,6253006,18,32,M,0,863,0.795
IVIDEO,2016-04-01,STS,902828,25,39,W,0,47,0.476
IVIDEO,2016-05-01,STS,2007092,18,32,M,1,67,0.286
IVIDEO,2016-09-01,GPMD,1406320,25,19,W,0,148,0.773
IVIDEO,2016-10-01,GPMD,371522,25,19,W,0,62,0.778
IVIDEO,2016-09-01,GPMD,1935679,16,19,W,0,251,0.764
DISPLAY,2017-01-01,OK,18713206,18,32,M,1,373,0.66
DISPLAY,2017-12-01,OK,5974831,16,28,W,1,188,0.575
IVIDEO,2018-01-01,IMHO,2421502,20,44,W,0,155,0.538
DISPLAY,2017-10-01,VK,638352,20,24,W,1,42,0.723
IVIDEO,2017-11-01,IMHO,9736019,25,19,W,0,490,0.264
